"","numcol","yieldpercol","totalprod","stocks","priceperlb","prodvalue","nCLOTHIANIDIN","nIMIDACLOPRID","nTHIAMETHOXAM","nACETAMIPRID","nTHIACLOPRID","nAllNeonic","state","StateName","Region","year"
"1",11000,56,616000,209000,1.49,918000,7696.2,3258.1,4149.6,0,0,15103.9,"AL","Alabama","South",2007
"2",11000,72,792000,230000,1.21,958000,680,4230.2,5371.6,0,0,10281.8,"AL","Alabama","South",2006
"3",12000,86,1032000,103000,1.18,1218000,0,1178.8,840.4,0,0,2019.2,"AL","Alabama","South",2002
"4",12000,87,1044000,282000,1.41,1472000,2676.4,1323.9,3863.9,0,0,7864.2,"AL","Alabama","South",2004
"5",13000,66,858000,266000,1.02,875000,1503.6,994.5,5493.9,0,0,7992,"AL","Alabama","South",2005
"6",13000,82,1066000,43000,1.24,1322000,0,668.3,591.7,0,0,1260,"AL","Alabama","South",2003
"7",14000,73,1022000,235000,0.72,736000,0,1490.8,0,0,0,1490.8,"AL","Alabama","South",2001
"8",16000,71,1136000,159000,0.72,818000,0,1836.3,0,0,0,1836.3,"AL","Alabama","South",1998
"9",16000,78,1248000,187000,0.59,736000,0,1499.2,0,0,0,1499.2,"AL","Alabama","South",2000
"10",17000,68,1156000,185000,0.56,647000,0,1251.2,0,0,0,1251.2,"AL","Alabama","South",1999
"11",7000,45,315000,22000,2.77,873000,336.7,3698.9,1156.3,16,0,8402.1,"AL","Alabama","South",2017
"12",7000,47,329000,17480,3.83,1260000,56.2,10919.3,1101.6,0,0,12077.1,"AL","Alabama","South",2015
"13",7000,52,364000,33000,3.45,1256000,336.7,3698.9,1156.3,16,0,8402.1,"AL","Alabama","South",2016
"14",7000,52,364000,55000,2.85,1037000,5992.9,8284.4,5202,0,0,19479.3,"AL","Alabama","South",2013
"15",7000,53,371000,26000,3.53,1310000,7971.6,12194.1,4745.4,0,0,24911.1,"AL","Alabama","South",2014
"16",8000,54,432000,65000,2.47,1067000,4797.8,6249.1,7002.6,0,0,18049.5,"AL","Alabama","South",2012
"17",9000,50,450000,63000,2.51,1130000,10106.1,5229.8,7148.1,0,0,22484,"AL","Alabama","South",2011
"18",9000,50,450000,68000,1.86,837000,5087.2,3991.9,4076.2,0,0,13155.3,"AL","Alabama","South",2009
"19",9000,54,486000,73000,2.4,1166000,1914,1757,4658.3,0,0,8329.3,"AL","Alabama","South",2010
"20",9000,66,594000,214000,1.9,1129000,1598.3,3296.6,4214.5,0,0,9109.4,"AL","Alabama","South",2008
"21",21000,65,1365000,137000,2.04,2785000,15202.6,17066.9,23805.3,692.1,0,56766.9,"AR","Arkansas","South",2014
"22",22000,60,1320000,66000,2.02,2666000,17338.3,17309,23873.8,0,0,58521.1,"AR","Arkansas","South",2013
"23",22000,64,1408000,239000,1.62,2281000,5894.4,15162.1,33501,2874.3,0,57431.8,"AR","Arkansas","South",2011
"24",24000,57,1368000,301000,1.42,1943000,4346.9,10079.4,21186.5,349.1,0,35961.9,"AR","Arkansas","South",2009
"25",24000,69,1656000,99000,1.85,3064000,336.7,3698.9,1156.3,16,0,8402.1,"AR","Arkansas","South",2016
"26",24000,72,1728000,121000,2.06,3560000,1070.4,5235.9,5373,748,0,12427.3,"AR","Arkansas","South",2015
"27",25000,60,1500000,360000,1.47,2205000,3544.8,9049.8,21468.2,902.7,0,34965.5,"AR","Arkansas","South",2010
"28",25000,63,1575000,189000,1.98,3119000,4939.2,12508.7,33718.9,59.7,0,51226.5,"AR","Arkansas","South",2012
"29",28000,75,2100000,525000,1.35,2835000,2168.9,9093.8,25102.8,995.7,0,37361.2,"AR","Arkansas","South",2008
"30",28000,80,2240000,672000,0.95,2128000,209.8,12750.1,17475.5,1277.4,0,31712.8,"AR","Arkansas","South",2007
"31",29000,77,2233000,223000,1.91,4265000,336.7,3698.9,1156.3,16,0,8402.1,"AR","Arkansas","South",2017
"32",32000,76,2432000,730000,0.89,2164000,1518.4,7036.6,20647.9,4686.6,0,33889.5,"AR","Arkansas","South",2006
"33",36000,69,2484000,571000,0.97,2409000,2458.3,6902.1,7310.4,981.2,0,17652,"AR","Arkansas","South",2005
"34",40000,57,2280000,388000,0.87,1984000,530.9,11941.3,9368.6,3312.4,0,25153.2,"AR","Arkansas","South",2004
"35",40000,75,3e+06,810000,1.26,3780000,0,3266.6,2280,20.8,0,5567.4,"AR","Arkansas","South",2003
"36",45000,88,3960000,871000,1.26,4990000,0,1306.7,1462,107.9,0,2876.6,"AR","Arkansas","South",2002
"37",50000,98,4900000,1617000,0.65,3185000,0,2884.8,684.9,0,0,3569.7,"AR","Arkansas","South",2001
"38",52000,89,4628000,2592000,0.5524,2453000,0,692.2,0,0,0,692.2,"AR","Arkansas","South",1999
"39",52000,93,4836000,3337000,0.57,2757000,0,844,81.2,0,0,925.2,"AR","Arkansas","South",2000
"40",53000,65,3445000,1688000,0.59,2033000,0,1262.3,0,0,0,1262.3,"AR","Arkansas","South",1998
"41",20000,52,1040000,562000,1.45,1508000,266,9309.2,526.1,1246.8,0,11348.1,"AZ","Arizona","West",2009
"42",22000,40,880000,97000,1.96,1725000,336.7,3698.9,1156.3,16,0,8402.1,"AZ","Arizona","West",2017
"43",22000,46,1012000,253000,1.79,1811000,2036.4,10907.6,759.2,1535.1,0,15238.3,"AZ","Arizona","West",2012
"44",23000,53,1219000,427000,1.55,1889000,1188.3,15866.7,2721,1134.2,0,20910.2,"AZ","Arizona","West",2011
"45",24000,77,1848000,665000,1.52,2809000,921.7,9530.3,1225.3,857.7,0,12535,"AZ","Arizona","West",2010
"46",25000,64,1600000,336000,1.26,2016000,0,8541.8,190.8,1791.8,0,10524.4,"AZ","Arizona","West",2008
"47",26000,39,1014000,193000,1.92,1947000,2262.1,15137.4,1680.7,569.1,0,19649.3,"AZ","Arizona","West",2014
"48",26000,49,1274000,306000,2.03,2586000,223.1,13254.2,340.1,1319.1,0,15136.5,"AZ","Arizona","West",2015
"49",27000,46,1242000,261000,1.97,2447000,336.7,3698.9,1156.3,16,0,8402.1,"AZ","Arizona","West",2016
"50",29000,36,1044000,251000,1.96,2046000,2139.8,15241.6,226.5,1961.4,0,19569.3,"AZ","Arizona","West",2013
"51",30000,64,1920000,902000,1.26,2419000,48.7,9038,304,679.5,0,10070.2,"AZ","Arizona","West",2007
"52",30000,65,1950000,839000,0.91,1775000,48.7,9657.7,547.3,3470.6,0,13724.3,"AZ","Arizona","West",2006
"53",32000,55,1760000,774000,1.11,1954000,96.7,10884.3,257.8,1635.9,0,12874.7,"AZ","Arizona","West",2004
"54",35000,72,2520000,983000,1.34,3377000,0,9847.5,94.4,1120.2,0,11062.1,"AZ","Arizona","West",2003
"55",36000,50,1800000,720000,1.04,1872000,0,8633.8,141.2,2509.3,0,11284.3,"AZ","Arizona","West",2005
"56",38000,63,2394000,1197000,1.08,2586000,0,6235.4,562.2,141.6,0,6939.2,"AZ","Arizona","West",2002
"57",40000,59,2360000,1322000,0.73,1723000,0,10467.4,0,0,0,10467.4,"AZ","Arizona","West",2000
"58",43000,59,2537000,1142000,0.72,1827000,0,3713.1,19.6,0,0,3732.7,"AZ","Arizona","West",2001
"59",52000,62,3224000,1548000,0.62,1999000,0,5171.6,0,0,0,5171.6,"AZ","Arizona","West",1999
"60",55000,60,3300000,1485000,0.64,2112000,0,4814.2,0,0,0,4814.2,"AZ","Arizona","West",1998
"61",275000,30,8250000,1485000,2.03,16748000,143619.6,82090.4199999999,17910.1,13977.1,0,247417.499999999,"CA","California","West",2015
"62",310000,36,11160000,2009000,2.04,22766000,336.7,3698.9,1156.3,16,0,8402.1,"CA","California","West",2016
"63",320000,39,12480000,2995000,2.06,25709000,7845.2,82090.4199999999,15249.1,13977.1,0,178152.7,"CA","California","West",2014
"64",330000,33,10890000,2505000,2.11,22978000,6569.3,82090.4199999999,12189.3,13977.1,0,167111.2,"CA","California","West",2013
"65",330000,35,11550000,3119000,1.94,22407000,2898.1,82090.4199999999,7572.1,13977.1,0.3,140689.4,"CA","California","West",2012
"66",335000,41,13735000,2198000,2.09,28706000,336.7,3698.9,1156.3,16,0,8402.1,"CA","California","West",2017
"67",340000,40,13600000,3672000,1.04,14144000,1.3,82090.4199999999,2541.8,11249.3,28.7,126006.2,"CA","California","West",2007
"68",355000,33,11715000,2109000,1.39,16284000,796.9,73976.8,4115.9,9496.4,0,88386,"CA","California","West",2009
"69",360000,51,18360000,4039000,1.39,25520000,608,61475.8,3394.4,13977.1,17.1,101975.6,"CA","California","West",2008
"70",370000,48,17760000,3730000,1.65,29304000,14229.5,82090.4199999999,7391.2,13977.1,0,149528.3,"CA","California","West",2011
"71",380000,52,19760000,7706000,0.97,19167000,0,45520.7,4963.9,13963.7,39.8,64488.1,"CA","California","West",2006
"72",390000,45,17550000,5792000,1.05,18428000,0,38897.8,4439.2,13977.1,0,59321.1,"CA","California","West",2004
"73",4e+05,75,3e+07,9300000,0.86,25800000,0,42563.9,5460.7,13977.1,0,62021.8,"CA","California","West",2005
"74",410000,67,27470000,6318000,1.55,42579000,1410.8,82090.4199999999,4521.7,11462,0,111344.4,"CA","California","West",2010
"75",440000,70,30800000,11396000,0.59,18172000,0,30796.5,0,0,0,30796.5,"CA","California","West",2000
"76",450000,83,33670000,11933520,0.62,23157000,0,61047.2,0,0,0,61047.2,"CA","California","West",1998
"77",460000,61,28060000,7857000,0.69,19361000,0,35178.6,0,0,0,35178.6,"CA","California","West",2001
"78",463800,60,27900000,9486000,0.5524,15345000,0,41778.9,0,0,0,41778.9,"CA","California","West",1999
"79",463800,50,23500000,3525000,1.32,31020000,0,36653.3,5021.8,3007.5,0,44682.6,"CA","California","West",2002
"80",463800,67,32160000,6432000,1.39,44702000,0,38511.7,4615.1,12293,0,55419.8,"CA","California","West",2003
"81",23000,80,1840000,791000,1.35,2484000,1861.5,1657,1847.5,0,0,5366,"CO","Colorado","West",2004
"82",24000,60,1440000,576000,1.29,1858000,0,1213.2,353.6,0,0,1566.8,"CO","Colorado","West",2002
"83",24000,86,2064000,722000,1.4,2890000,0,381.1,485.3,0,0,866.4,"CO","Colorado","West",2003
"84",25000,48,1200000,468000,2.07,2484000,12283.8,3915.9,5185.3,0,0,21385,"CO","Colorado","West",2012
"85",26000,43,1118000,324000,2.1,2348000,9791.5,3276.3,6200.5,0,0,19268.3,"CO","Colorado","West",2013
"86",26000,55,1430000,529000,0.71,1015000,0,1575,9.8,0,0,1584.8,"CO","Colorado","West",2001
"87",27000,37,999000,2e+05,2.11,2108000,8658.2,1140.7,8689.7,0,0,18488.6,"CO","Colorado","West",2014
"88",27000,45,1215000,656000,1.51,1835000,4894.1,960.4,2425.9,12.2,0,8292.6,"CO","Colorado","West",2008
"89",27000,72,1944000,1594000,0.7,1361000,0,1724.5,0,0,0,1724.5,"CO","Colorado","West",1998
"90",27000,76,2052000,1436000,0.68,1395000,0,913.9,0,0,0,913.9,"CO","Colorado","West",1999
"91",28000,53,1484000,326000,1.43,2122000,7375.4,2561.9,2176,0,0,12113.3,"CO","Colorado","West",2009
"92",28000,70,1960000,902000,0.97,1901000,5369.9,2381.9,622.5,0,0,8374.3,"CO","Colorado","West",2005
"93",29000,51,1479000,399000,2.26,3343000,0,4567.8,207,0,0,4774.8,"CO","Colorado","West",2015
"94",29000,60,1740000,957000,0.62,1079000,0,263.8,0,0,0,263.8,"CO","Colorado","West",2000
"95",31000,51,1581000,838000,1.15,1818000,2223.3,1794,1077.1,0,0,5094.4,"CO","Colorado","West",2007
"96",31000,55,1705000,443000,2,3410000,20234.1,3789.6,3456.8,0,0,27480.5,"CO","Colorado","West",2011
"97",32000,40,1280000,282000,2.24,2867000,336.7,3698.9,1156.3,16,0,8402.1,"CO","Colorado","West",2016
"98",33000,43,1419000,284000,2.06,2923000,336.7,3698.9,1156.3,16,0,8402.1,"CO","Colorado","West",2017
"99",34000,56,1904000,533000,1.52,2894000,16623.2,3435.3,4125.3,0,0,24183.8,"CO","Colorado","West",2010
"100",36000,75,2700000,1458000,1.04,2808000,3165.9,883.8,1464,0,0,5513.7,"CO","Colorado","West",2006
"101",150000,79,11850000,1304000,1.32,15642000,134.3,31040.8,2152,181.1,0,33508.2,"FL","Florida","South",2008
"102",160000,71,11360000,1363000,0.99,11246000,84.4,42580.1,933.8,16.5,0,43614.8,"FL","Florida","South",2007
"103",160000,86,13760000,2477000,0.87,11971000,7.9,26821.9,1887.8,93.5,0,28811.1,"FL","Florida","South",2005
"104",170000,68,11560000,1618000,1.42,16415000,96.3,31796.6,2237.5,734.4,0,34864.8,"FL","Florida","South",2009
"105",170000,81,13770000,1790000,1,13770000,85.4,20595,625.4,156.2,0,21462,"FL","Florida","South",2006
"106",180000,61,10980000,988000,1.68,18446000,358.2,38183.4,13523.4,469.8,0,52534.8,"FL","Florida","South",2011
"107",193000,64,12352000,1235000,1.84,22728000,657.7,45642.4,11270.7,487.6,0,58058.4,"FL","Florida","South",2012
"108",2e+05,69,13800000,1794000,1.56,21528000,238.5,29766.4,3700.1,290.7,0,33995.7,"FL","Florida","South",2010
"109",205000,43,8815000,529000,2.4,21156000,336.7,3698.9,1156.3,16,0,8402.1,"FL","Florida","South",2017
"110",205000,98,20090000,2009000,1.02,20492000,0,15851,1146.7,0,0,16997.7,"FL","Florida","South",2004
"111",210000,71,14910000,1491000,1.32,19681000,0,35597.6,0,0,0,35597.6,"FL","Florida","South",2003
"112",215000,50,10750000,538000,2.43,26123000,93.8,52580.4,11642.4,1.8,0,64318.4,"FL","Florida","South",2016
"113",220000,100,2.2e+07,3432000,0.64,14080000,0,9378.8,0,0,0,9378.8,"FL","Florida","South",2001
"114",220000,54,11880000,832000,1.97,23404000,198.9,37847.4,7991.5,712,0,46749.8,"FL","Florida","South",2015
"115",220000,61,13420000,1074000,2.03,27243000,281.9,61532,13291,643.9,0,75748.8,"FL","Florida","South",2013
"116",220000,93,20460000,2026000,1.14,23324000,0,7846.5,10.2,0,0,7856.7,"FL","Florida","South",2002
"117",228000,102,23256000,4186000,0.5524,12326000,0,11173.8,0,0,0,11173.8,"FL","Florida","South",1999
"118",230000,98,22540000,4508000,0.64,14426000,0,11049.1,0,0,0,11049.1,"FL","Florida","South",1998
"119",232000,105,24360000,2923000,0.5524,13154000,0,6003.8,0,0,0,6003.8,"FL","Florida","South",2000
"120",245000,60,14700000,1029000,2.08,30576000,858.6,30203.3,13241.9,368.9,0,44672.7,"FL","Florida","South",2014
"121",50000,52,2600000,52000,1.13,2938000,0,5541.3,2643.7,0,0,8185,"GA","Georgia","South",2002
"122",52000,65,3380000,270000,1.28,4326000,0,11799.7,1670.2,0,0,13469.9,"GA","Georgia","South",2003
"123",55000,46,2530000,152000,1.67,4225000,2010.1,15499.6,8551.6,45.6,10.4,26117.3,"GA","Georgia","South",2010
"124",55000,57,3135000,188000,0.7,2195000,0,4127.4,0,0,0,4127.4,"GA","Georgia","South",2001
"125",55000,57,3135000,376000,0.63,1975000,0,3065.3,0,0,0,3065.3,"GA","Georgia","South",2000
"126",59000,49,2891000,434000,0.89,2573000,58.4,3524.6,3326.1,7.6,20.6,6937.3,"GA","Georgia","South",2005
"127",59000,51,3009000,181000,1.92,5777000,2027.7,21222,17521.6,62.3,5.9,40839.5,"GA","Georgia","South",2012
"128",60000,58,3480000,522000,1.19,4141000,3736.5,5571.6,7840.9,10.8,0,17159.8,"GA","Georgia","South",2007
"129",63000,49,3087000,648000,1.2,3704000,4667.9,3927.7,1823,0.1,2.7,10421.4,"GA","Georgia","South",2004
"130",63000,74,4662000,746000,1.2,5594000,1161.6,11053.7,9371.1,52.7,41.4,21680.5,"GA","Georgia","South",2006
"131",65000,41,2665000,346000,1.47,3918000,2305.1,11526.9,9464,27.8,0.4,23324.2,"GA","Georgia","South",2009
"132",65000,43,2795000,196000,1.65,4612000,2592.3,38017.1,17996.9,6,13.1,58625.4,"GA","Georgia","South",2011
"133",65000,51,3315000,497000,0.64,2122000,0,3647.8,0,0,0,3647.8,"GA","Georgia","South",1999
"134",65000,71,4615000,369000,1.52,7015000,1942.8,6568.8,9468.3,25.9,21.5,18027.3,"GA","Georgia","South",2008
"135",67000,50,3350000,637000,2.26,7571000,4551.9,17838.7,22223.9,33.7,0,44648.2,"GA","Georgia","South",2013
"136",69000,40,2760000,221000,2.43,6707000,1734.4,24940.5,2930,41.6,0,29646.5,"GA","Georgia","South",2015
"137",73000,62,4526000,362000,2.19,9912000,7799.7,27802.7,16303.3,27,0,51932.7,"GA","Georgia","South",2014
"138",75000,56,4200000,307000,0.69,2898000,0,5259.6,0,0,0,5259.6,"GA","Georgia","South",1998
"139",96000,39,3744000,899000,2.69,10071000,4515.6,42934,9302.7,63.5,0,56815.8,"GA","Georgia","South",2016
"140",99000,32,3168000,190000,2.96,9377000,336.7,3698.9,1156.3,16,0,8402.1,"GA","Georgia","South",2017
"141",10000,75,750000,263000,4.15,3113000,336.7,3698.9,1156.3,16,0,8402.1,"HI","Hawaii","West",2012
"142",10000,77,770000,239000,2.75,2118000,336.7,3698.9,1156.3,16,0,8402.1,"HI","Hawaii","West",2010
"143",10000,90,9e+05,225000,1.59,1431000,336.7,3698.9,1156.3,16,0,8402.1,"HI","Hawaii","West",2008
"144",10000,92,920000,285000,1.7,1564000,336.7,3698.9,1156.3,16,0,8402.1,"HI","Hawaii","West",2007
"145",10000,93,930000,233000,1.21,1125000,336.7,3698.9,1156.3,16,0,8402.1,"HI","Hawaii","West",2006
"146",10000,95,950000,323000,1.76,1672000,336.7,3698.9,1156.3,16,0,8402.1,"HI","Hawaii","West",2009
"147",12000,117.52,1572000,17480,1.51,2374000,336.7,3698.9,1156.3,16,0,8402.1,"HI","Hawaii","West",2017
"148",13000,83,1079000,65000,1.97,2126000,336.7,3698.9,1156.3,16,0,8402.1,"HI","Hawaii","West",2013
"149",14000,102,1428000,71000,1.91,2727000,336.7,3698.9,1156.3,16,0,8402.1,"HI","Hawaii","West",2015
"150",15000,93,1395000,140000,2.29,3195000,336.7,3698.9,1156.3,16,0,8402.1,"HI","Hawaii","West",2014
"151",16000,113,1808000,127000,2.31,4176000,336.7,3698.9,1156.3,16,0,8402.1,"HI","Hawaii","West",2016
"152",7000,112,784000,125000,0.82,643000,336.7,3698.9,1156.3,16,0,8402.1,"HI","Hawaii","West",2000
"153",7000,114,798000,43000,1.45,1157000,336.7,3698.9,1156.3,16,0,8402.1,"HI","Hawaii","West",2003
"154",7000,117.52,952000,29000,1.11,1057000,336.7,3698.9,1156.3,16,0,8402.1,"HI","Hawaii","West",2002
"155",8000,117.52,944000,66000,0.77,727000,336.7,3698.9,1156.3,16,0,8402.1,"HI","Hawaii","West",1998
"156",8000,80,640000,32000,0.8,512000,336.7,3698.9,1156.3,16,0,8402.1,"HI","Hawaii","West",1999
"157",8000,87,696000,84000,0.87,606000,336.7,3698.9,1156.3,16,0,8402.1,"HI","Hawaii","West",2001
"158",8000,96,768000,77000,1.59,1221000,336.7,3698.9,1156.3,16,0,8402.1,"HI","Hawaii","West",2004
"159",9000,117.52,1179000,283000,1.43,1686000,336.7,3698.9,1156.3,16,0,8402.1,"HI","Hawaii","West",2005
"160",9000,74,666000,246000,3.65,2431000,336.7,3698.9,1156.3,16,0,8402.1,"HI","Hawaii","West",2011
"161",24000,62,1488000,580000,1.58,2351000,95696,16994.9,37337.2,0.9,0,150029,"IA","Iowa","Midwest",2008
"162",25000,62,1550000,961000,1.96,3038000,129359.2,36744.7,48819.28,10.3,0,222931.1,"IA","Iowa","Midwest",2011
"163",26000,42,1092000,339000,1.6,1747000,87469.4,17994.1,48819.28,7.5,0,158088.1,"IA","Iowa","Midwest",2009
"164",26000,81,2106000,1221000,1.31,2759000,55855.6,6057.1,31059.7,7.9,0,92980.3,"IA","Iowa","Midwest",2007
"165",26000,84,2184000,1441000,1.37,2992000,48965.9,4205.2,18630.3,8.4,0,71809.8,"IA","Iowa","Midwest",2006
"166",27000,49,1323000,463000,1.92,2540000,61314.3,75558.9,48152.2,5.8,0,185031.2,"IA","Iowa","Midwest",2010
"167",28000,88,2464000,1232000,1.21,2981000,39662.1,5884.9,8273.3,9.1,0,53829.4,"IA","Iowa","Midwest",2005
"168",30000,67,2010000,1206000,0.68,1367000,0,61.4,0,0,0,61.4,"IA","Iowa","Midwest",2000
"169",32000,59,1888000,868000,1.42,2681000,0,79.4,4.4,9.2,0,93,"IA","Iowa","Midwest",2003
"170",33000,51,1683000,875000,0.75,1262000,0,57.6,0.6,0,0,58.2,"IA","Iowa","Midwest",2001
"171",33000,70,2310000,901000,1.43,3303000,0,102.5,3.3,0,0,105.8,"IA","Iowa","Midwest",2002
"172",35000,43,1505000,933000,2.41,3627000,145886.68,53938,48819.28,11.9,0,247417.499999999,"IA","Iowa","Midwest",2014
"173",35000,58,2030000,1035000,2.22,4507000,336.7,3698.9,1156.3,16,0,8402.1,"IA","Iowa","Midwest",2017
"174",35000,67,2345000,1337000,1.06,2486000,21798.9,8143.3,5280.1,16,0,35238.3,"IA","Iowa","Midwest",2004
"175",36000,50,1800000,990000,2.2,3960000,3.2,4945.6,6004.2,3.3,0,10956.3,"IA","Iowa","Midwest",2015
"176",37000,48,1776000,746000,2.08,3694000,0,3160.6,1105.8,7,0,4273.4,"IA","Iowa","Midwest",2016
"177",37000,61,2257000,1196000,2.17,4898000,145886.68,49328.3,48819.28,11,0,247417.499999999,"IA","Iowa","Midwest",2012
"178",39000,48,1872000,1217000,2.45,4586000,145886.68,70715.7,48819.28,25.5,0,247417.499999999,"IA","Iowa","Midwest",2013
"179",40000,65,2600000,2028000,0.65,1690000,0,65.5,0,0,0,65.5,"IA","Iowa","Midwest",1999
"180",50000,78,3900000,2301000,0.7,2730000,0,322.4,0,0,0,322.4,"IA","Iowa","Midwest",1998
"181",1e+05,46,4600000,1380000,1.33,6118000,0,3601.3,575.4,27.1,0,4203.8,"ID","Idaho","West",2003
"182",1e+05,46,4600000,1610000,0.67,3082000,0,2620.4,145.1,0,0,2765.5,"ID","Idaho","West",2001
"183",1e+05,47,4700000,2679000,0.5524,2444000,0,4524.8,0,0,0,4524.8,"ID","Idaho","West",2000
"184",1e+05,57,5700000,1653000,1.37,7809000,0,2132.6,1352.3,4.5,0,3489.4,"ID","Idaho","West",2002
"185",1e+05,63,6300000,2520000,1.02,6426000,0.3,3398.2,973.4,133.9,60.7,4566.5,"ID","Idaho","West",2004
"186",1e+05,34,3400000,850000,2.03,6902000,6741.1,30798.5,5683.5,40.1,31.2,43294.4,"ID","Idaho","West",2014
"187",103000,46,4738000,1706000,1.52,7202000,2353.4,22734,3717.1,61.7,19.3,28885.5,"ID","Idaho","West",2009
"188",120000,48,5760000,3110000,0.59,3398000,0,906.8,0,0,0,906.8,"ID","Idaho","West",1999
"189",120000,50,6e+06,2220000,0.65,3900000,0,2116.3,0,0,0,2116.3,"ID","Idaho","West",1998
"190",83000,32,2656000,1036000,2.02,5365000,4217.4,27564.6,7735.4,44.4,19.4,39581.2,"ID","Idaho","West",2013
"191",87000,36,3132000,1879000,1.78,5575000,1157.6,25864.1,4727,108.7,27.6,31885,"ID","Idaho","West",2011
"192",89000,32,2848000,1082000,1.93,5497000,0.3,20995.8,178.2,53.3,3.2,21230.8,"ID","Idaho","West",2015
"193",90000,40,3600000,1440000,1.46,5256000,470.2,15855.1,1813,76.1,15.6,18230,"ID","Idaho","West",2008
"194",92000,32,2944000,530000,1.63,4799000,3325.7,34000,5972.2,87.5,4.9,43390.3,"ID","Idaho","West",2012
"195",92000,41,3772000,1848000,1.15,4338000,60.6,9556.5,1220.5,67.5,18.6,10923.7,"ID","Idaho","West",2007
"196",95000,37,3515000,1793000,0.8,2812000,99.1,3750.9,1607.9,117,23,5597.9,"ID","Idaho","West",2005
"197",95000,44,4180000,1045000,1.79,7482000,336.7,3698.9,1156.3,16,0,8402.1,"ID","Idaho","West",2017
"198",95000,44,4180000,2592000,0.97,4055000,1186.8,5475.7,1106.5,157.1,2.8,7928.9,"ID","Idaho","West",2006
"199",97000,27,2619000,1179000,1.61,4217000,4288.3,19051.4,6740.8,143.4,36.7,30260.6,"ID","Idaho","West",2010
"200",97000,34,3298000,1253000,1.82,6002000,1.1,16642.4,2278.5,115.6,0,19037.6,"ID","Idaho","West",2016
"201",10000,48,480000,77000,4.966,2602000,2.5,8139.3,2710.1,0,0,10851.9,"IL","Illinois","Midwest",2016
"202",10000,66,660000,356000,2.14,1412000,39370,2538.7,8750.8,74.9,64.3,50798.7,"IL","Illinois","Midwest",2006
"203",11000,46,506000,167000,4.76,2409000,336.7,3698.9,1156.3,16,0,8402.1,"IL","Illinois","Midwest",2017
"204",6000,76,456000,251000,1.58,720000,0,650.8,0,0,0,650.8,"IL","Illinois","Midwest",2001
"205",7000,48,336000,101000,4.19,1408000,145886.68,79582.5,31131.3,178.9,0,247417.499999999,"IL","Illinois","Midwest",2013
"206",7000,50,350000,98000,3.9,1365000,130241.7,66760.4,30175.8,98.2,0,227276.1,"IL","Illinois","Midwest",2011
"207",7000,55,385000,193000,1.86,716000,38467.5,7921.4,2068.2,456.9,110.5,49024.5,"IL","Illinois","Midwest",2004
"208",7000,60,420000,252000,1.83,769000,0,790.6,21.7,46.3,0,858.6,"IL","Illinois","Midwest",2003
"209",7000,61,427000,145000,3.55,1516000,145886.68,58895.9,38048.5,152.7,0,247417.499999999,"IL","Illinois","Midwest",2012
"210",8000,34,272000,57000,2.55,694000,87037.3,8471.3,33399.8,123.2,0,129031.6,"IL","Illinois","Midwest",2009
"211",8000,49,392000,94000,4.11,1611000,145886.68,82090.4199999999,38568.4,92.1,0,247417.499999999,"IL","Illinois","Midwest",2014
"212",8000,51,408000,155000,4.66,1901000,17.1,6849.6,15849.1,80.9,0,22796.7,"IL","Illinois","Midwest",2015
"213",8000,56,448000,116000,2.59,1160000,83463.1,10470,17551.8,24.9,0,111509.8,"IL","Illinois","Midwest",2008
"214",8000,61,488000,146000,1.17,571000,0,416.4,0,0,0,416.4,"IL","Illinois","Midwest",2000
"215",8000,85,680000,408000,1.84,1251000,47239,7969.5,4114.8,74.2,0,59397.5,"IL","Illinois","Midwest",2005
"216",9000,41,369000,92000,2.78,1026000,78975.3,74302.9,34804.7,24.5,0,188107.4,"IL","Illinois","Midwest",2010
"217",9000,63,567000,374000,2.49,1412000,59760.1,6555.4,14219,73.1,0,80607.6,"IL","Illinois","Midwest",2007
"218",9000,66,594000,327000,1.15,683000,0,231,0,0,0,231,"IL","Illinois","Midwest",1999
"219",9000,71,639000,204000,1.19,760000,0,200.9,0,0,0,200.9,"IL","Illinois","Midwest",1998
"220",9000,80,720000,130000,1.47,1058000,0,293.7,15.7,0,0,309.4,"IL","Illinois","Midwest",2002
"221",10000,43,430000,151000,2.23,959000,38671.5,50011.9,16785.9,30.8,13.7,105513.8,"IN","Indiana","Midwest",2010
"222",10000,81,810000,437000,0.9,729000,0,458.3,0,0,0,458.3,"IN","Indiana","Midwest",1999
"223",5000,56,280000,78000,1.66,465000,0,441.8,69,65.5,0,576.3,"IN","Indiana","Midwest",2003
"224",5000,62,310000,115000,3.19,989000,145886.68,66659.6,18844.2,56.8,0.4,234848.3,"IN","Indiana","Midwest",2014
"225",6000,47,282000,82000,2.77,781000,123068.8,37155.9,23874.4,27.6,0,184126.7,"IN","Indiana","Midwest",2013
"226",6000,53,318000,165000,3.23,1027000,7.1,2418.8,1287.9,38.3,0,3752.1,"IN","Indiana","Midwest",2015
"227",7000,48,336000,128000,3.94,1324000,336.7,3698.9,1156.3,16,0,8402.1,"IN","Indiana","Midwest",2017
"228",7000,54,378000,125000,1.58,597000,28214.9,4295.6,10034.6,32.6,53.1,42630.8,"IN","Indiana","Midwest",2006
"229",7000,59,413000,145000,1.47,607000,18854.2,3633.8,2092.6,66.7,83.6,24730.9,"IN","Indiana","Midwest",2004
"230",7000,62,434000,208000,3.46,1502000,6.4,1768.4,937.9,35.3,0,2748,"IN","Indiana","Midwest",2016
"231",7000,67,469000,150000,1.68,788000,37050.8,2742.7,10810.1,20.2,18.6,50642.4,"IN","Indiana","Midwest",2008
"232",7000,76,532000,186000,0.92,489000,0,393.3,0,0,0,393.3,"IN","Indiana","Midwest",2001
"233",8000,51,408000,147000,2.14,873000,56387.8,53736.8,15199.8,45.6,4.3,125374.3,"IN","Indiana","Midwest",2011
"234",8000,53,424000,119000,1.5,636000,45215.8,7096.6,10117.2,40.6,10.2,62480.4,"IN","Indiana","Midwest",2007
"235",8000,59,472000,203000,2.54,1199000,108503.1,52850.4,19470.2,28.2,1.7,180853.6,"IN","Indiana","Midwest",2012
"236",8000,62,496000,233000,1.19,590000,0,255.7,30.2,0,0,285.9,"IN","Indiana","Midwest",2002
"237",8000,64,512000,189000,1.18,604000,39014.6,2692.9,6777,41.7,24.5,48550.7,"IN","Indiana","Midwest",2005
"238",8000,65,520000,286000,1.03,536000,0,228.9,0,0,0,228.9,"IN","Indiana","Midwest",2000
"239",9000,32,288000,101000,2.02,582000,37115,13889.8,15124.8,76.8,19.8,66226.2,"IN","Indiana","Midwest",2009
"240",9000,92,828000,489000,0.85,704000,0,93.1,0,0,0,93.1,"IN","Indiana","Midwest",1998
"241",10000,61,610000,128000,1.55,946000,18574.2,6267.3,11798.4,0,0,36639.9,"KS","Kansas","Midwest",2008
"242",13000,51,663000,530000,0.96,636000,0,46.9,0,0,0,46.9,"KS","Kansas","Midwest",2001
"243",13000,67,871000,854000,1.11,967000,0,22.6,0,0,0,26.5,"KS","Kansas","Midwest",1999
"244",14000,40,560000,196000,1.18,661000,20029,1155.9,6636.6,0,235.3,28056.8,"KS","Kansas","Midwest",2007
"245",14000,55,770000,246000,1.17,901000,12961,3964.6,9406.4,0,0,26332,"KS","Kansas","Midwest",2006
"246",14000,80,1120000,683000,1.18,1322000,7479.3,10636.1,3575.9,20.2,0,21711.5,"KS","Kansas","Midwest",2004
"247",15000,68,1020000,520000,0.91,928000,0,28.7,0,0,0,28.7,"KS","Kansas","Midwest",2000
"248",16000,46,736000,390000,0.87,640000,0,20.1,0,0,0,26.5,"KS","Kansas","Midwest",1998
"249",16000,50,8e+05,328000,1.05,840000,10489,3142.6,5469.7,0,0,19101.3,"KS","Kansas","Midwest",2005
"250",16000,57,912000,447000,1.41,1286000,0,23.7,81.7,16.2,0,121.6,"KS","Kansas","Midwest",2003
"251",17000,52,884000,407000,1.5,1326000,0,19.48,98.1,0,0,108.3,"KS","Kansas","Midwest",2002
"252",6000,46,276000,39000,2.5,690000,71506.6,29835,29067,0,0,130408.6,"KS","Kansas","Midwest",2013
"253",6000,55,330000,125000,2.28,752000,48739.6,37132.2,29558.4,0,0,115430.2,"KS","Kansas","Midwest",2012
"254",7000,44,308000,117000,2.15,662000,29542.7,19711.5,24384.9,0,0,73639.1,"KS","Kansas","Midwest",2011
"255",7000,48,336000,54000,3.04,1021000,0,2221.5,2408.3,0,0,4629.8,"KS","Kansas","Midwest",2016
"256",7000,75,525000,84000,2.38,1250000,67757.5,46814.4,31315.3,0.3,0,145887.5,"KS","Kansas","Midwest",2014
"257",7000,79,553000,260000,4.18,2312000,336.7,3698.9,1156.3,16,0,8402.1,"KS","Kansas","Midwest",2017
"258",8000,36,288000,107000,3.5,1008000,0,2238.9,2230,0.2,0,4469.1,"KS","Kansas","Midwest",2015
"259",9000,52,468000,103000,2.02,945000,15132.8,22264.7,17974.1,0,0,55371.6,"KS","Kansas","Midwest",2010
"260",9000,63,567000,164000,1.85,1049000,24430.8,8915.2,26354.2,0,0,59700.2,"KS","Kansas","Midwest",2009
"261",3240,41,153720,17480,3.25,4e+05,32857.7,14255.7,4577.4,27.2,0,51718,"KY","Kentucky","South",2013
"262",3240,50,153720,17480,1.24,240640,0,4566.6,0,0,0,4566.6,"KY","Kentucky","South",1999
"263",3240,50,153720,51000,1.4,240640,0,3317.9,0,0,0,3317.9,"KY","Kentucky","South",1998
"264",4000,39,156000,17480,3.17,495000,7982,16392.4,11304.4,32.7,0,35711.5,"KY","Kentucky","South",2011
"265",4000,39,156000,27000,2.44,381000,5241.4,5605.5,2053.5,36.4,0,12936.8,"KY","Kentucky","South",2008
"266",4000,48,192000,54000,1.35,259000,0,3284.7,0,0,0,3284.7,"KY","Kentucky","South",2000
"267",4000,61,244000,54000,2.12,517000,9675.1,2649.4,1569.6,30.7,0,13924.8,"KY","Kentucky","South",2007
"268",4000,78,312000,125000,1.41,440000,0,2705.4,0,0,0,2705.4,"KY","Kentucky","South",2001
"269",5000,35,175000,25000,2.71,474000,8067.6,5332.7,3797.5,42.7,0,17240.5,"KY","Kentucky","South",2009
"270",5000,38,190000,42000,4.08,775000,336.7,3698.9,1156.3,16,0,8402.1,"KY","Kentucky","South",2017
"271",5000,46,230000,48000,4.02,925000,8.4,4470,339.8,27.3,0,4845.5,"KY","Kentucky","South",2016
"272",5000,46,230000,55000,4.04,929000,2.5,3918.7,582.5,58.5,0,4562.2,"KY","Kentucky","South",2015
"273",5000,47,235000,56000,3.96,931000,36534.5,30765.2,8474.1,45.4,0,75819.2,"KY","Kentucky","South",2014
"274",5000,48,240000,17480,1.67,401000,0,2013.9,312.9,3.6,0,2330.4,"KY","Kentucky","South",2003
"275",5000,50,250000,40000,2.08,520000,1915.3,1821.1,428.5,28.4,0,4193.3,"KY","Kentucky","South",2005
"276",5000,51,255000,41000,3.15,803000,19734.3,13952.5,6714.5,18.6,0,40419.9,"KY","Kentucky","South",2012
"277",5000,54,270000,78000,1.63,440000,0,2862.4,137.7,0,0,3000.1,"KY","Kentucky","South",2002
"278",5000,56,280000,34000,1.96,549000,1655.6,3462.8,348.6,54.6,1.9,5523.5,"KY","Kentucky","South",2004
"279",5000,56,280000,70000,2.19,613000,3652.4,4672.3,1422.8,60.9,1.1,9809.5,"KY","Kentucky","South",2006
"280",5000,67,335000,67000,2.72,911000,8732.8,16406.8,3748.7,21.6,0,28909.9,"KY","Kentucky","South",2010
"281",29000,89,2581000,413000,1.08,2787000,730.1,3945.3,9864.2,759.7,0,15299.3,"LA","Louisiana","South",2007
"282",30000,90,2700000,675000,0.9,2430000,1909.5,4995.6,13520.1,356.3,0,20781.5,"LA","Louisiana","South",2006
"283",34000,90,3060000,275000,1.24,3794000,0,1251.1,1297.8,25.5,0,2574.4,"LA","Louisiana","South",2003
"284",35000,117.52,4340000,347000,1.16,5034000,0,1309.1,221.2,75.5,0,1605.8,"LA","Louisiana","South",2002
"285",35000,97,3395000,611000,0.72,2444000,560.3,3257.3,5588.3,91.5,0,9497.4,"LA","Louisiana","South",2005
"286",35000,98,3430000,240000,0.79,2710000,136.6,5336.1,7054,490.4,0,13017.1,"LA","Louisiana","South",2004
"287",36000,77,2772000,471000,1.67,4629000,4850.7,20744.8,19026.7,2129.5,0,46751.7,"LA","Louisiana","South",2011
"288",36000,80,2880000,288000,1.5,4320000,3808.5,18262.6,6468.3,107.2,0,28646.6,"LA","Louisiana","South",2010
"289",37000,103,3811000,610000,1.36,5183000,4220.8,4983.4,14607,384.2,0,24195.4,"LA","Louisiana","South",2009
"290",40000,77,3080000,493000,1.36,4189000,1058.4,10848.2,14375.5,451.6,0,26733.7,"LA","Louisiana","South",2008
"291",41000,111,4551000,865000,0.59,2685000,0,433.8,0,0,0,433.8,"LA","Louisiana","South",1998
"292",41000,86,3526000,141000,1.83,6453000,6514.1,18133.3,20919.4,0.1,0,45566.9,"LA","Louisiana","South",2012
"293",43000,81,3483000,279000,1.88,6548000,336.7,3698.9,1156.3,16,0,8402.1,"LA","Louisiana","South",2017
"294",43000,94,4042000,1334000,0.5524,2102000,0,2964.7,0,0,0,2964.7,"LA","Louisiana","South",2000
"295",44000,99,4356000,348000,1.95,8494000,0,7778.9,4740.4,593,0,13112.3,"LA","Louisiana","South",2015
"296",45000,106,4770000,572000,0.6,2862000,0,2804.1,460.1,0,0,3264.2,"LA","Louisiana","South",2001
"297",48000,114,5472000,821000,0.5524,2681000,0,628.4,0,0,0,628.4,"LA","Louisiana","South",1999
"298",48000,84,4032000,524000,2.18,8790000,4006.1,20872,24656.1,543.1,0,50077.3,"LA","Louisiana","South",2014
"299",50000,86,4300000,301000,1.94,8342000,0,10335.2,5216.2,282.6,0,15834,"LA","Louisiana","South",2016
"300",50000,98,4900000,490000,1.89,9261000,5418.9,15364.7,16757.5,11,0,37552.1,"LA","Louisiana","South",2013
"301",3240,42,153720,21000,1.93,240640,0,213.7,53,1.3,0,268,"MD","Maryland","South",2003
"302",3240,46,153720,21000,1.96,270000,0,541.2,21.3,0,0,562.5,"MD","Maryland","South",2002
"303",4000,46,184000,55000,1.6,294000,0,339.5,0,0,0,339.5,"MD","Maryland","South",2001
"304",6000,46,276000,50000,1.64,453000,0,313,0,0,0,313,"MD","Maryland","South",1999
"305",6000,46,276000,52000,1.14,315000,0,318.2,0,0,0,318.2,"MD","Maryland","South",2000
"306",7000,44,308000,92000,1.1,339000,0,474.7,0,0,0,474.7,"MD","Maryland","South",1998
"307",10000,27,260000,117000,0.69,240640,0,2915.3,0,0,0,2915.3,"ME","Maine","Northeast",1998
"308",10000,47,470000,47000,4.966,2552000,12.8,1774.8,320.9,0,0,2108.5,"ME","Maine","Northeast",2015
"309",11000,27,220000,106000,0.79,240640,0,3353.3,0,0,0,3353.3,"ME","Maine","Northeast",2001
"310",11000,27,231000,143000,0.75,240640,0,4299.4,0,0,0,4299.4,"ME","Maine","Northeast",2000
"311",11000,27,253000,86000,1.6,405000,0,2595.2,347.8,142.7,0,3085.7,"ME","Maine","Northeast",2006
"312",11000,41,451000,266000,1.21,546000,0,4659.4,301.6,0,0,4961,"ME","Maine","Northeast",2002
"313",12000,33,396000,51000,4.966,2158000,336.7,3698.9,1156.3,16,0,8402.1,"ME","Maine","Northeast",2017
"314",12000,34,408000,65000,3.38,1379000,85.8,1834.7,600,0,0,2520.5,"ME","Maine","Northeast",2016
"315",14000,27,308000,89000,0.83,256000,0,4802.6,0,0,0,4802.6,"ME","Maine","Northeast",1999
"316",4000,30,153720,17480,1.98,240640,372.6,3005.5,1208.6,559.6,0,5146.3,"ME","Maine","Northeast",2011
"317",4000,34,153720,24000,2.39,325000,197.3,1910,1667.6,0,0,3774.9,"ME","Maine","Northeast",2012
"318",5000,41,205000,33000,2.05,420000,140.3,2738.7,1302.1,395.4,0,4576.5,"ME","Maine","Northeast",2010
"319",6000,50,3e+05,51000,1.95,585000,186.3,3936.2,885.6,10.3,0,5018.4,"ME","Maine","Northeast",2009
"320",7000,31,217000,37000,1.28,278000,0,5041.3,160.8,0,0,5202.1,"ME","Maine","Northeast",2004
"321",7000,42,294000,79000,1.57,462000,3.3,3620.6,204.8,2764.8,0,6593.5,"ME","Maine","Northeast",2008
"322",7000,43,301000,27000,3.14,945000,100.1,1808,1935,0,0,3843.1,"ME","Maine","Northeast",2013
"323",8000,27,208000,193000,1.66,345000,0,2748.5,358.2,0,0,3106.7,"ME","Maine","Northeast",2005
"324",8000,33,264000,145000,1.41,372000,0,4134.9,1127.9,0,0,5262.8,"ME","Maine","Northeast",2003
"325",8000,47,376000,41000,4.966,1876000,9.7,3198.1,1715.3,228.3,0,5151.4,"ME","Maine","Northeast",2014
"326",9000,27,234000,59000,1.32,309000,0,2030.4,23.5,189.7,0,2243.6,"ME","Maine","Northeast",2007
"327",65000,67,4355000,2439000,1.16,5052000,3321.5,5746.3,905,260.5,1723.5,11956.8,"MI","Michigan","Midwest",2004
"328",65000,68,4420000,2519000,0.94,4155000,6813.3,4993.1,2465.4,727.7,1792.1,16791.6,"MI","Michigan","Midwest",2005
"329",65000,74,4810000,1732000,1.41,6782000,0,3450.4,907.7,341.2,0,4699.3,"MI","Michigan","Midwest",2003
"330",66000,60,3960000,1505000,1.55,6138000,11210.6,12518.4,14872.2,649.4,1082.2,40332.8,"MI","Michigan","Midwest",2009
"331",71000,58,4118000,1524000,1.67,6877000,11898.8,16153.4,12375.6,814.7,1308.2,42550.7,"MI","Michigan","Midwest",2010
"332",71000,73,5183000,2021000,1.44,7464000,17502.5,4558.1,8610.2,746.4,1114.6,32531.8,"MI","Michigan","Midwest",2008
"333",72000,55,3960000,2099000,1.15,4554000,8632.8,6425.4,5611,373,1250.8,22293,"MI","Michigan","Midwest",2006
"334",72000,64,4608000,2350000,1.19,5484000,14722.5,3854.9,8348.9,553.7,1853,29333,"MI","Michigan","Midwest",2007
"335",72000,75,5400000,2970000,0.6,3240000,0,5003.6,0,0,0,5003.6,"MI","Michigan","Midwest",2000
"336",72000,77,5544000,1885000,1.4,7762000,0,2973.7,762,0,0,3735.7,"MI","Michigan","Midwest",2002
"337",73000,57,4161000,1332000,2.03,8447000,36304.2,17017.8,11432.9,707.1,419.9,65881.9,"MI","Michigan","Midwest",2012
"338",73000,85,6205000,3475000,0.66,4095000,0,3453,0,0,0,3453,"MI","Michigan","Midwest",1999
"339",74000,64,4736000,2084000,1.81,8572000,17898.8,16502.5,15941.1,1167.8,840.3,52350.5,"MI","Michigan","Midwest",2011
"340",76000,60,4560000,2827000,0.81,3694000,0,4091.4,24.8,0,0,4116.2,"MI","Michigan","Midwest",2001
"341",80000,85,6800000,3672000,0.66,4488000,0,5238.3,0,0,0,5238.3,"MI","Michigan","Midwest",1998
"342",85000,55,4675000,982000,2.16,10098000,44878.1,19755.4,14566.3,1127.3,863.8,81190.9,"MI","Michigan","Midwest",2013
"343",87000,45,3915000,822000,2.41,9435000,336.7,3698.9,1156.3,16,0,8402.1,"MI","Michigan","Midwest",2017
"344",89000,60,5340000,1709000,2.37,12656000,509.1,8771.4,3079.9,1408.7,0,13769.1,"MI","Michigan","Midwest",2016
"345",90000,58,5220000,1984000,2.44,12737000,730.3,8303.2,8145.2,1665.4,56,18900.1,"MI","Michigan","Midwest",2015
"346",91000,63,5733000,1835000,2.49,14275000,45281.4,17131.4,20021.4,794.3,1107,84335.5,"MI","Michigan","Midwest",2014
"347",117000,73,8541000,1110000,1.47,12555000,0,3265.3,1609.1,0,0,4874.4,"MN","Minnesota","Midwest",2002
"348",120000,53,6360000,2099000,1.63,10367000,94614.2,42626.3,33626.1,223.2,0,171089.8,"MN","Minnesota","Midwest",2011
"349",120000,74,8880000,1598000,0.9,7992000,17982.9,1101,7970.6,0,0,27054.5,"MN","Minnesota","Midwest",2005
"350",120000,83,9960000,1892000,1.44,14342000,0,375.7,1393.1,0,0,1768.8,"MN","Minnesota","Midwest",2003
"351",122000,65,7930000,1427000,1.44,11419000,49606.5,10683,28357.5,122.6,0,88769.6,"MN","Minnesota","Midwest",2009
"352",122000,68,8296000,2157000,1.84,15265000,352,9611.2,9092,0,0,19055.2,"MN","Minnesota","Midwest",2015
"353",122000,78,9516000,2569000,1.39,13227000,42875.7,8183.8,21133.2,0,0,72192.7,"MN","Minnesota","Midwest",2008
"354",124000,59,7316000,1390000,1.69,12364000,1673,3889.8,3943.2,557.1,0,10063.1,"MN","Minnesota","Midwest",2016
"355",125000,67,8375000,1591000,1.92,16080000,135044.1,29129.6,25763.3,227.9,0,190164.9,"MN","Minnesota","Midwest",2012
"356",125000,80,1e+07,3300000,0.94,9400000,21232.4,3571,15293.6,13.3,0,40110.3,"MN","Minnesota","Midwest",2006
"357",126000,62,7812000,1016000,1.86,14530000,336.7,3698.9,1156.3,16,0,8402.1,"MN","Minnesota","Midwest",2017
"358",128000,66,8448000,1774000,1.55,13094000,45267,40330.4,23717.8,420.8,0,109736,"MN","Minnesota","Midwest",2010
"359",130000,58,7540000,1282000,1.99,15005000,134266.6,34053.6,31282.7,25.7,0,199628.6,"MN","Minnesota","Midwest",2013
"360",130000,68,8840000,2564000,1.04,9194000,28186.4,5190.5,13464.7,0,0,46841.6,"MN","Minnesota","Midwest",2007
"361",132000,60,7920000,1426000,2.06,16315000,145886.68,32150.5,41110,58.6,0,247417.499999999,"MN","Minnesota","Midwest",2014
"362",135000,75,10125000,1924000,1.08,10935000,5268.9,3102.5,5202.2,0,0,13573.6,"MN","Minnesota","Midwest",2004
"363",135000,81,10935000,1859000,0.65,7108000,0,4000.5,104.6,0,0,4105.1,"MN","Minnesota","Midwest",2001
"364",140000,79,11060000,2765000,0.65,7189000,0,2492.2,0,0,0,2492.2,"MN","Minnesota","Midwest",1998
"365",145000,82,11890000,3210000,0.61,7253000,0,5829.8,0,0,0,5829.8,"MN","Minnesota","Midwest",1999
"366",150000,90,13500000,3105000,0.57,7695000,0,3226.1,0,0,0,3226.1,"MN","Minnesota","Midwest",2000
"367",10000,47,470000,85000,2.62,1231000,52530.7,25444.6,21109.8,107.3,0,99192.4,"MO","Missouri","Midwest",2013
"368",10000,52,520000,52000,3.55,1846000,907.2,7645.3,3643.7,34.7,0,12230.9,"MO","Missouri","Midwest",2015
"369",11000,47,517000,57000,1.99,1029000,23669.7,10610.5,24267.1,237.4,0,58784.7,"MO","Missouri","Midwest",2009
"370",11000,52,572000,92000,1.8,1030000,15640.2,23728.6,20191.6,614.3,0,60174.7,"MO","Missouri","Midwest",2010
"371",11000,53,583000,152000,1.68,979000,14583,9536.4,13325.3,166.3,0,37611,"MO","Missouri","Midwest",2008
"372",12000,47,564000,96000,3.63,2047000,61668.2,53768.3,36203.8,48.4,0,151688.7,"MO","Missouri","Midwest",2014
"373",14000,46,644000,148000,1.12,721000,23367.3,7941.8,11287,46.2,0,42642.3,"MO","Missouri","Midwest",2007
"374",15000,46,690000,117000,0.98,676000,12278.1,2711.9,12321.3,152.4,19.2,27482.9,"MO","Missouri","Midwest",2006
"375",15000,50,750000,180000,1.22,915000,10880.9,6310.5,4482.1,46.8,0,21720.3,"MO","Missouri","Midwest",2005
"376",16000,41,656000,151000,1.36,892000,7062.8,7543.4,5998,2125.5,30.2,22759.9,"MO","Missouri","Midwest",2004
"377",17000,53,901000,189000,1.41,1270000,0,736.4,218.5,139.8,0,1094.7,"MO","Missouri","Midwest",2003
"378",18000,50,9e+05,189000,1.42,1278000,0,901.5,622.6,81.9,0,1606,"MO","Missouri","Midwest",2002
"379",22000,61,1342000,336000,0.71,953000,0,1112.1,0.5,0,0,1112.6,"MO","Missouri","Midwest",2001
"380",23000,66,1518000,455000,0.76,1154000,0,2264.3,0,0,0,2264.3,"MO","Missouri","Midwest",1998
"381",23000,75,1725000,362000,0.6,1035000,0,2756.9,0,0,0,2756.9,"MO","Missouri","Midwest",2000
"382",24000,65,1560000,437000,0.68,1061000,0,1382,0,0,0,1382,"MO","Missouri","Midwest",1999
"383",7000,53,371000,108000,2.8,1039000,44827.9,32864.5,23240.9,80.7,0,101014,"MO","Missouri","Midwest",2012
"384",8000,43,344000,76000,2.14,736000,20725.6,36426.1,33808.2,2474,0,93433.9,"MO","Missouri","Midwest",2011
"385",8000,62,496000,30000,2.31,1146000,4303.2,7081.4,1883.5,0,0,13268.1,"MO","Missouri","Midwest",2016
"386",8000,65,520000,57000,3.53,1836000,336.7,3698.9,1156.3,16,0,8402.1,"MO","Missouri","Midwest",2017
"387",13000,80,1040000,83000,1.81,1882000,336.7,3698.9,1156.3,16,0,8402.1,"MS","Mississippi","South",2017
"388",14000,104,1456000,87000,1.32,1922000,3800.9,9380.4,13751.7,743.6,0,27676.6,"MS","Mississippi","South",2009
"389",14000,98,1372000,110000,1.3,1784000,4828.1,12013.8,18536.6,993.2,0,36371.7,"MS","Mississippi","South",2008
"390",14000,98,1372000,453000,0.93,1276000,1550.2,5332.2,27097,2585.9,0,36565.3,"MS","Mississippi","South",2006
"391",15000,83,1245000,87000,2.4,2988000,192.9,8338.6,3334.5,304.7,0,12170.7,"MS","Mississippi","South",2015
"392",15000,92,1380000,166000,0.91,1256000,258.5,5697,20317.5,1489.5,0,27762.5,"MS","Mississippi","South",2007
"393",16000,80,1280000,346000,0.67,858000,4477.5,7273.6,16903.9,1403,0,30058,"MS","Mississippi","South",2005
"394",16000,98,1568000,78000,1.44,2258000,2113.7,21952.9,18639.1,200.8,0,42906.5,"MS","Mississippi","South",2010
"395",17000,116,1972000,39000,1.86,3668000,19968.5,12342.7,15532.7,0,0,47843.9,"MS","Mississippi","South",2013
"396",17000,66,1122000,224000,0.89,999000,0,3182.7,1613.2,0,0,4795.9,"MS","Mississippi","South",2001
"397",17000,72,1224000,649000,0.69,845000,0,682,169.4,0,0,851.4,"MS","Mississippi","South",2000
"398",18000,115,2070000,104000,1.53,3167000,6635.4,22192.3,23191.2,303.8,0,52322.7,"MS","Mississippi","South",2011
"399",18000,117.52,2124000,64000,1.77,3759000,12287.3,22205.7,15563.3,81,0,50137.3,"MS","Mississippi","South",2012
"400",18000,65,1170000,421000,0.79,924000,276.4,7601.9,4603.1,2104.3,0,14585.7,"MS","Mississippi","South",2004
"401",18000,73,1314000,591000,0.5524,710000,0,2514.3,0,0,0,2514.3,"MS","Mississippi","South",1999
"402",18000,78,1404000,281000,1.23,1727000,0,4080.3,3439.8,177.6,0,7697.7,"MS","Mississippi","South",2002
"403",18000,86,1548000,898000,0.58,898000,0,1404.8,0,0,0,1404.8,"MS","Mississippi","South",1998
"404",19000,85,1615000,113000,1.73,2794000,5796.2,9323.8,20000,807.8,0,35927.8,"MS","Mississippi","South",2016
"405",20000,112,2240000,45000,2.01,4502000,17883.5,16294.1,22734.8,542.2,0,57454.6,"MS","Mississippi","South",2014
"406",21000,69,1449000,246000,1.29,1869000,0,4981,2110.9,80.7,0,7172.6,"MS","Mississippi","South",2003
"407",115000,117.52,14030000,5472000,0.64,8979000,0,44.5,0,0,0,44.5,"MT","Montana","West",1998
"408",122000,70,8540000,2135000,0.6,5124000,0,264.2,0,0,0,264.2,"MT","Montana","West",1999
"409",124000,88,10912000,4692000,0.59,6438000,0,616.7,0,0,0,616.7,"MT","Montana","West",2000
"410",130000,67,8710000,3136000,0.86,7491000,87.4,355.8,169,9.7,0,621.9,"MT","Montana","West",2005
"411",132000,79,10428000,1981000,0.95,9907000,17.5,294.4,82.4,6.8,0,401.1,"MT","Montana","West",2006
"412",134000,63,8442000,1097000,1.38,11650000,0,55.2,54.1,0,0,109.3,"MT","Montana","West",2002
"413",134000,70,9380000,4596000,1.37,12851000,443.8,166.4,410.9,6.2,0,1027.3,"MT","Montana","West",2008
"414",135000,68,9180000,2479000,0.99,9088000,96.1,147.3,80.1,4.8,0,328.3,"MT","Montana","West",2007
"415",136000,102,13872000,4578000,0.67,9294000,0,296.6,6,0,0,302.6,"MT","Montana","West",2001
"416",140000,77,10780000,3773000,1.08,11642000,110,201.4,67.7,9.3,0,388.4,"MT","Montana","West",2004
"417",145000,52,7540000,2413000,1.95,14703000,1460.8,8595.8,3206.4,0,0,13263,"MT","Montana","West",2012
"418",145000,66,9570000,1914000,1.44,13781000,0,139.8,29.7,9.6,0,179.1,"MT","Montana","West",2003
"419",145000,72,10440000,2506000,2.3,24012000,336.7,3698.9,1156.3,16,0,8402.1,"MT","Montana","West",2017
"420",145000,92,13340000,3202000,1.7,22678000,801.9,5994,5910.6,0,0,12706.5,"MT","Montana","West",2011
"421",146000,70,10220000,3577000,1.46,14921000,621.9,2619,2471.6,4.9,0,5717.4,"MT","Montana","West",2009
"422",146000,83,12118000,3757000,1.94,23509000,0,1130.6,36.6,0.7,0,1167.9,"MT","Montana","West",2015
"423",157000,74,11618000,2905000,1.58,18356000,2595.9,5529.1,4624.7,6.4,0,12756.1,"MT","Montana","West",2010
"424",159000,77,12243000,3183000,1.77,21670000,0,172,137,0,0,309,"MT","Montana","West",2016
"425",159000,94,14946000,5231000,2.09,31237000,1438.8,18253.6,5728.2,5.1,0,25425.7,"MT","Montana","West",2013
"426",162000,88,14256000,5132000,2.09,29795000,2529.9,9591.7,5759.4,2.6,0,17883.6,"MT","Montana","West",2014
"427",10000,38,380000,84000,3.67,1395000,14693.5,19714.7,12080,261.4,68.7,46818.3,"NC","North Carolina","South",2013
"428",10000,44,440000,79000,1.92,845000,0,2504.1,1090.6,0,0,3594.7,"NC","North Carolina","South",2003
"429",10000,50,5e+05,215000,1.57,785000,4395.6,7366,7042.1,565,440.6,19809.3,"NC","North Carolina","South",2006
"430",10000,54,540000,146000,1.88,1015000,3804.9,6303.5,1130.8,81.7,199.4,11520.3,"NC","North Carolina","South",2005
"431",11000,41,451000,99000,4.34,1957000,336.7,3698.9,1156.3,16,0,8402.1,"NC","North Carolina","South",2017
"432",11000,45,495000,84000,2.57,1272000,8952.2,5843.9,12735.9,376.6,7.2,27915.8,"NC","North Carolina","South",2009
"433",11000,49,539000,243000,1.43,771000,0,2145.2,0,0,0,2145.2,"NC","North Carolina","South",2000
"434",12000,37,444000,89000,4.78,2122000,10668.5,24306.5,3115.5,728.4,0,38818.9,"NC","North Carolina","South",2016
"435",12000,43,516000,88000,3.49,1801000,20227,27637,10012.9,320,238.7,58435.6,"NC","North Carolina","South",2014
"436",12000,45,540000,103000,4.51,2435000,644.6,13326.1,4136,552.1,185.9,18844.7,"NC","North Carolina","South",2015
"437",12000,45,540000,76000,2.49,1345000,8126.6,4319.2,6838.4,134.5,218.7,19637.4,"NC","North Carolina","South",2007
"438",12000,52,624000,137000,2.18,1360000,4130.6,5478.6,15193.8,369.2,298.2,25470.4,"NC","North Carolina","South",2008
"439",13000,39,507000,106000,3.76,1906000,23591.4,12598.5,12417.2,497.8,45.8,49150.7,"NC","North Carolina","South",2012
"440",13000,44,572000,172000,1.48,847000,0,3898.4,0,0,0,3898.4,"NC","North Carolina","South",2001
"441",13000,46,598000,144000,2.66,1591000,7108.9,7916.6,7038,742.9,121.1,22927.5,"NC","North Carolina","South",2010
"442",14000,62,868000,95000,2.83,2456000,10678.5,13127.3,13596.8,110.7,170.4,37683.7,"NC","North Carolina","South",2011
"443",16000,42,672000,74000,1.41,948000,0,3016.9,2331.3,0,0,5348.2,"NC","North Carolina","South",2002
"444",8000,59,472000,151000,1.38,651000,0,6576.4,0,0,0,6576.4,"NC","North Carolina","South",1998
"445",9000,40,360000,72000,1.93,695000,4368,5573.4,1280.5,53.1,28.3,11303.3,"NC","North Carolina","South",2004
"446",9000,46,414000,104000,1.62,671000,0,3549.8,0,0,0,3549.8,"NC","North Carolina","South",1999
"447",230000,117.52,29440000,8832000,0.63,18547000,0,2019.4,0,0,0,2019.4,"ND","North Dakota","Midwest",1998
"448",255000,105,26775000,8836000,0.59,15797000,0,7948.8,0,0,0,7948.8,"ND","North Dakota","Midwest",1999
"449",280000,96,26880000,9408000,0.69,18547000,0,3084.9,131.3,0,0,3216.2,"ND","North Dakota","Midwest",2001
"450",3e+05,115,33670000,11933520,0.57,19665000,0,5383,0,0,0,5383,"ND","North Dakota","Midwest",2000
"451",320000,75,2.4e+07,8160000,1.46,35040000,0,3251.9,484.7,0,0,3736.6,"ND","North Dakota","Midwest",2002
"452",340000,87,29580000,6803000,1.36,40229000,0,2593.3,424.3,0,0,3017.6,"ND","North Dakota","Midwest",2003
"453",350000,74,25900000,7770000,0.91,23569000,2362.6,7025.1,4886.4,0,0,14274.1,"ND","North Dakota","Midwest",2006
"454",370000,91,33670000,8418000,0.83,27946000,3687.3,3156.5,5942.6,0,0,12786.4,"ND","North Dakota","Midwest",2005
"455",390000,78,30420000,9126000,1.05,31941000,738,10202.8,2253.4,0,0,13194.2,"ND","North Dakota","Midwest",2004
"456",4e+05,90,33670000,8640000,1.36,48960000,8445.2,9953,22254.7,0,0,40652.9,"ND","North Dakota","Midwest",2008
"457",420000,74,31080000,9013000,0.96,29837000,4917.7,6865.7,10283.6,0,0,22067,"ND","North Dakota","Midwest",2007
"458",450000,77,33670000,7623000,1.38,47817000,16750.7,17809.8,22704.7,0,0,57265.2,"ND","North Dakota","Midwest",2009
"459",455000,74,33670000,4377000,1.89,50258840,336.7,3698.9,1156.3,16,0,8402.1,"ND","North Dakota","Midwest",2017
"460",460000,71,32660000,7512000,1.67,50258840,21339.7,13844.6,17261.4,0,0,52445.7,"ND","North Dakota","Midwest",2011
"461",463800,69,33120000,5962000,1.92,50258840,47176.9,25924.6,23480.2,0,0,96581.7,"ND","North Dakota","Midwest",2012
"462",463800,69,33120000,6955000,2.04,50258840,78412.3,42333.5,22190.4,0,0,142936.2,"ND","North Dakota","Midwest",2013
"463",463800,78,33670000,6809000,1.85,50258840,546.6,2346.7,1684.6,0,0,4577.9,"ND","North Dakota","Midwest",2016
"464",463800,74,33670000,9428000,1.8,50258840,119,12808.6,3281.1,0,0,16208.7,"ND","North Dakota","Midwest",2015
"465",463800,86,33670000,9271000,1.99,50258840,49015.4,33305.4,41192.1,0,0,123512.9,"ND","North Dakota","Midwest",2014
"466",463800,91,33670000,11933520,1.5,50258840,15085.3,28013.3,17703.9,0,0,60802.5,"ND","North Dakota","Midwest",2010
"467",36000,67,2412000,1254000,1.45,3497000,52254.1,9830.7,19963,0,0,82047.8,"NE","Nebraska","Midwest",2008
"468",40000,68,2720000,2530000,0.87,2366000,36206.1,7809.4,8869.2,0,0,52884.7,"NE","Nebraska","Midwest",2005
"469",41000,55,2255000,902000,1.51,3405000,27720.9,32164.3,40789.9,0,0,100675.1,"NE","Nebraska","Midwest",2010
"470",41000,59,2419000,653000,1.75,4233000,74180.9,27016.1,37316.3,0,0,138513.3,"NE","Nebraska","Midwest",2011
"471",42000,63,2646000,423000,1.99,5266000,336.7,3698.9,1156.3,16,0,8402.1,"NE","Nebraska","Midwest",2017
"472",43000,48,2064000,1115000,0.72,1486000,0,1552.8,22.9,0,0,1575.7,"NE","Nebraska","Midwest",2001
"473",43000,65,2795000,1146000,1.93,5394000,115264.2,24340.8,47666.3,0,0,187271.3,"NE","Nebraska","Midwest",2012
"474",43000,75,3225000,1161000,1.49,4805000,0,363.3,306,0,0,669.3,"NE","Nebraska","Midwest",2002
"475",45000,49,2205000,1477000,1.03,2271000,31003.7,3883.7,14695.1,0,0,49582.5,"NE","Nebraska","Midwest",2007
"476",45000,74,3330000,1299000,1.38,4595000,0,135.7,409.1,0,0,544.8,"NE","Nebraska","Midwest",2003
"477",46000,60,2760000,1628000,2.07,5713000,134722.1,18239.1,48819.28,0,0,202781.1,"NE","Nebraska","Midwest",2013
"478",47000,73,3431000,3843000,0.93,3191000,22747.7,2761.9,8988.5,0,0,34498.1,"NE","Nebraska","Midwest",2006
"479",48000,46,2208000,640000,1.91,4217000,0,2165.9,1421.9,0,0,3587.8,"NE","Nebraska","Midwest",2016
"480",48000,56,2688000,1102000,1.46,3924000,52856.2,9245.6,34858.3,0,0,96960.1,"NE","Nebraska","Midwest",2009
"481",50000,75,3750000,1688000,2.04,7650000,135037.2,39838.2,48819.28,1,0,225989.3,"NE","Nebraska","Midwest",2014
"482",50000,87,4350000,2610000,0.59,2567000,0,2204.3,0,0,0,2204.3,"NE","Nebraska","Midwest",2000
"483",51000,89,4539000,2043000,1.01,4584000,31677,7570.2,4571.1,0,0,43818.3,"NE","Nebraska","Midwest",2004
"484",57000,48,2736000,1450000,2.04,5581000,0,5562.7,574.6,0.5,0,6137.8,"NE","Nebraska","Midwest",2015
"485",58000,77,4466000,1965000,0.61,2724000,0,396.8,0,0,0,396.8,"NE","Nebraska","Midwest",1999
"486",64000,70,4480000,2240000,0.86,3853000,0,591.3,0,0,0,591.3,"NE","Nebraska","Midwest",1998
"487",10000,27,190000,101000,1.6,304000,0,455.1,129.3,0,0,584.4,"NJ","New Jersey","Northeast",2003
"488",10000,44,440000,154000,0.57,251000,0,581.2,0,0,0,581.2,"NJ","New Jersey","Northeast",1999
"489",11000,32,352000,70000,2.36,831000,799.7,627.9,373.2,493.3,74.4,2368.5,"NJ","New Jersey","Northeast",2009
"490",11000,34,374000,71000,0.85,318000,0,570.5,3.6,0,0,574.1,"NJ","New Jersey","Northeast",2001
"491",11000,35,385000,2e+05,0.61,240640,0,935.8,0,0,0,935.8,"NJ","New Jersey","Northeast",2000
"492",11000,40,440000,92000,1,440000,0,1761.2,48.9,0,0,1810.1,"NJ","New Jersey","Northeast",2002
"493",11000,41,451000,135000,3.7,1669000,328.3,1257.1,342,630.8,171.6,2729.8,"NJ","New Jersey","Northeast",2011
"494",11000,44,484000,34000,4.19,2028000,1716.7,874.5,1156.3,195.9,82.6,4026,"NJ","New Jersey","Northeast",2013
"495",11000,49,539000,167000,0.76,410000,0,328.8,0,0,0,328.8,"NJ","New Jersey","Northeast",1998
"496",12000,27,324000,198000,4.966,2297000,55.9,409.2,80.6,696,71.3,1313,"NJ","New Jersey","Northeast",2016
"497",12000,27,324000,207000,4.2,1361000,21.7,580.4,30.5,1015.2,215.4,1863.2,"NJ","New Jersey","Northeast",2015
"498",12000,27,324000,45000,1.4,454000,326.5,492.1,248.4,5,0,1072,"NJ","New Jersey","Northeast",2004
"499",12000,30,360000,119000,3.13,1127000,1988.4,1220.4,235.7,875.7,139.2,4459.4,"NJ","New Jersey","Northeast",2014
"500",12000,32,384000,104000,1.2,461000,795.7,707.7,91.4,105.2,29.6,1729.6,"NJ","New Jersey","Northeast",2005
"501",13000,28,364000,167000,4.966,2861000,336.7,3698.9,1156.3,16,0,8402.1,"NJ","New Jersey","Northeast",2017
"502",13000,35,455000,73000,1.9,865000,574.5,896.4,667.8,204.4,44.4,2387.5,"NJ","New Jersey","Northeast",2010
"503",14000,33,462000,51000,1.97,910000,1433.6,1333.7,842.1,1029.7,64.7,4703.8,"NJ","New Jersey","Northeast",2012
"504",9000,36,324000,152000,1.14,369000,523.9,383.7,302.5,34.4,46.8,1291.3,"NJ","New Jersey","Northeast",2006
"505",9000,40,360000,122000,1.62,583000,542.2,448.8,147.2,467.5,32.7,1638.4,"NJ","New Jersey","Northeast",2008
"506",9000,57,513000,185000,1.96,1005000,488.8,584.8,194.8,26.5,9.2,1304.1,"NJ","New Jersey","Northeast",2007
"507",10000,70,7e+05,350000,0.66,462000,0,426.2,0.6,0,0,426.8,"NM","New Mexico","West",2001
"508",11000,44,484000,252000,1.1,532000,0,629.1,93.2,40.9,0,763.2,"NM","New Mexico","West",2002
"509",14000,55,770000,470000,0.76,585000,0,443.9,0,0,0,443.9,"NM","New Mexico","West",1998
"510",15000,52,780000,476000,0.77,601000,0,385.7,0,0,0,385.7,"NM","New Mexico","West",1999
"511",15000,64,960000,739000,0.72,691000,0,735.3,0,0,0,735.3,"NM","New Mexico","West",2000
"512",5000,52,260000,99000,3.39,881000,2160.8,1612.1,715.7,6.7,0,4495.3,"NM","New Mexico","West",2012
"513",6000,41,246000,108000,1.2,295000,0,722.6,62,22.9,0,807.5,"NM","New Mexico","West",2003
"514",6000,48,288000,95000,1.48,426000,876.2,3192.4,307.6,42.6,0,4418.8,"NM","New Mexico","West",2008
"515",6000,59,354000,138000,1.42,503000,478.1,3233.7,270.8,46.3,0,4028.9,"NM","New Mexico","West",2007
"516",7000,48,336000,104000,1.19,4e+05,222.6,3587.4,227.6,58.4,0,4096,"NM","New Mexico","West",2006
"517",7000,49,343000,113000,1.03,353000,682.3,3013,642.8,100.9,0,4439,"NM","New Mexico","West",2005
"518",7000,56,392000,153000,1.69,662000,779.5,4876.6,975.6,23.7,0,6655.4,"NM","New Mexico","West",2011
"519",7000,60,420000,143000,1.59,668000,661.2,2559.8,693.1,23.7,0,3937.8,"NM","New Mexico","West",2009
"520",7000,66,462000,157000,1.58,730000,1111.4,2061.3,546.2,80.9,0,3799.8,"NM","New Mexico","West",2010
"521",8000,44,352000,127000,1.19,419000,157.9,3143.2,255.7,134,0,3690.8,"NM","New Mexico","West",2004
"522",10000,28,280000,67000,2.99,837000,1.1,91,25.5,2.6,0,120.2,"NV","Nevada","West",2007
"523",10000,29,290000,52000,1.42,412000,5.3,293.3,31.6,2.9,0,333.1,"NV","Nevada","West",2008
"524",10000,35,350000,95000,1.45,508000,0,170.2,0,0,0,170.2,"NV","Nevada","West",2000
"525",10000,46,460000,175000,1.65,759000,0,274.4,0,0,0,274.4,"NV","Nevada","West",1998
"526",12000,46,552000,442000,3.11,1717000,1.1,141.7,54.5,2.5,0,199.8,"NV","Nevada","West",2005
"527",14000,55,770000,316000,1.78,1371000,7.4,286.4,12.6,2,0,308.4,"NV","Nevada","West",2004
"528",6000,64,384000,46000,2.04,783000,0,192.6,30.4,0.3,0,223.3,"NV","Nevada","West",2003
"529",9000,37,333000,50000,3.62,1205000,20.5,35.7,70.9,1.2,0,128.3,"NV","Nevada","West",2006
"530",9000,45,405000,271000,1.54,624000,0,48.4,0,0,0,48.4,"NV","Nevada","West",1999
"531",9000,50,450000,36000,2.14,963000,0,208.6,0,0,0,208.6,"NV","Nevada","West",2001
"532",9000,62,558000,61000,2.67,1490000,0,72.4,25.3,0.1,0,97.8,"NV","Nevada","West",2002
"533",45000,64,2880000,1123000,1.96,5645000,4970.4,3743.7,2583.9,4216.3,2414.76,19169.3,"NY","New York","Northeast",2010
"534",45000,65,2925000,936000,1.93,5645000,7854.8,2846.6,1764.8,3748.7,2414.76,19949.6,"NY","New York","Northeast",2009
"535",49000,56,2744000,1235000,1.96,5378000,10515.4,3369.5,4264.2,4339.4,2414.76,24928.1,"NY","New York","Northeast",2011
"536",50000,70,3500000,1260000,1.65,5775000,7010.1,3272.2,1420.9,3287.3,1660.6,16651.1,"NY","New York","Northeast",2008
"537",51000,51,2601000,988000,2.23,5800000,11006.8,6886.2,3483.3,2382.7,2385.5,26144.5,"NY","New York","Northeast",2012
"538",53000,57,3021000,1843000,1.38,4169000,5398.3,2053.9,4548.6,724.8,1162.1,13887.7,"NY","New York","Northeast",2007
"539",53000,70,3710000,1781000,0.79,2931000,0,3265.2,0,0,0,3265.2,"NY","New York","Northeast",2001
"540",55000,48,2640000,1030000,2.12,5597000,19919.1,12241.7,5150.3,3126.4,2414.76,44323.3,"NY","New York","Northeast",2013
"541",57000,56,3192000,766000,3.01,9608000,336.7,3698.9,1156.3,16,0,8402.1,"NY","New York","Northeast",2017
"542",58000,62,3596000,899000,2.94,10572000,4.8,1199.2,899.9,3811.2,1367.5,7282.6,"NY","New York","Northeast",2015
"543",58000,64,3712000,2376000,1.3,4826000,1417.8,2174.4,2009.4,3508.6,1329.7,10439.9,"NY","New York","Northeast",2006
"544",58000,80,4640000,2274000,0.5524,2552000,0,2148.3,0,0,0,2148.3,"NY","New York","Northeast",2000
"545",59000,73,4307000,2283000,1.34,5771000,752.2,2556.1,1153.9,570.5,1552.2,6584.9,"NY","New York","Northeast",2005
"546",60000,55,3300000,1518000,2.83,9339000,17458.9,11993.6,5763.1,2931.1,2414.76,41629,"NY","New York","Northeast",2014
"547",60000,98,5880000,2470000,1.25,7350000,0,12341.9,295.6,0,0,12637.5,"NY","New York","Northeast",2002
"548",64000,57,3648000,1167000,3.19,11637000,10,1526.1,975.4,4208.4,2414.76,9624.1,"NY","New York","Northeast",2016
"549",64000,67,4288000,1887000,1.36,5832000,195.7,2201.9,977.9,99.2,70.3,3545,"NY","New York","Northeast",2004
"550",65000,80,5200000,2444000,0.7,3640000,0,1608.8,0,0,0,1608.8,"NY","New York","Northeast",1998
"551",67000,72,4824000,1640000,1.36,6561000,0,2100.9,458,0,0,2558.9,"NY","New York","Northeast",2003
"552",69000,70,4830000,2077000,0.66,3188000,0,2334.9,0,0,0,2334.9,"NY","New York","Northeast",1999
"553",11000,50,550000,132000,2.81,1546000,24415.2,11197.2,17718,285.9,93.1,53709.4,"OH","Ohio","Midwest",2009
"554",14000,53,742000,371000,1.68,1247000,19787.1,2704.6,16039.9,145.5,136.4,38813.5,"OH","Ohio","Midwest",2008
"555",14000,56,784000,282000,1.4,1098000,9702,3590.7,7270.3,135.8,77,20775.8,"OH","Ohio","Midwest",2006
"556",14000,61,854000,376000,1.77,1512000,12110.5,4013.8,9938.2,156.8,198.8,26418.1,"OH","Ohio","Midwest",2007
"557",15000,50,750000,278000,1.4,1050000,0,432.6,114.3,67.7,0,614.6,"OH","Ohio","Midwest",2003
"558",15000,61,915000,256000,3.58,3276000,73525.7,33297.8,20062.8,493.9,41.6,127421.8,"OH","Ohio","Midwest",2014
"559",15000,66,990000,228000,2.34,2317000,28900,34598,16213.6,207.7,338.9,80258.2,"OH","Ohio","Midwest",2011
"560",15000,69,1035000,580000,1.4,1449000,10132.8,2235.4,4942.4,363.5,46.2,17720.3,"OH","Ohio","Midwest",2005
"561",15000,73,1095000,657000,3.12,3416000,336.7,3698.9,1156.3,16,0,8402.1,"OH","Ohio","Midwest",2017
"562",15000,79,1185000,664000,3.93,4657000,12.3,1101,898.4,161.9,0,2173.6,"OH","Ohio","Midwest",2016
"563",16000,58,928000,353000,1.53,1420000,4343.4,6482.9,1432.4,33.9,202.8,12495.4,"OH","Ohio","Midwest",2004
"564",17000,45,765000,390000,3.29,2517000,62683.6,32189,19344.1,269.3,53.8,114539.8,"OH","Ohio","Midwest",2013
"565",17000,50,850000,357000,3.6,3060000,19.5,5637.8,3022.3,280.3,166.4,9126.3,"OH","Ohio","Midwest",2015
"566",18000,60,1080000,410000,2.46,2657000,53550.3,30901,18157.5,113,62.2,102784,"OH","Ohio","Midwest",2012
"567",18000,62,1116000,346000,2.28,2544000,16751.5,30783.9,20696.9,126.6,113.2,68472.1,"OH","Ohio","Midwest",2010
"568",18000,65,1170000,585000,0.79,924000,0,896.8,0,0,0,896.8,"OH","Ohio","Midwest",2000
"569",18000,70,1260000,504000,1.44,1814000,0,1134.1,45,0,0,1179.1,"OH","Ohio","Midwest",2002
"570",18000,78,1404000,702000,0.83,1165000,0,1029.2,0,0,0,1029.2,"OH","Ohio","Midwest",1998
"571",18000,81,1458000,569000,1.01,1473000,0,813.6,0,0,0,813.6,"OH","Ohio","Midwest",2001
"572",20000,74,1480000,784000,0.72,1066000,0,1099,0,0,0,1099,"OH","Ohio","Midwest",1999
"573",3240,47,153720,69000,1.84,259000,0,134.1,13,33,0,180.1,"OK","Oklahoma","South",2003
"574",3240,53,159000,51000,1.63,259000,0,66.5,36,108,0,210.5,"OK","Oklahoma","South",2002
"575",4000,47,188000,105000,1.43,269000,0,206.3,5,0,0,211.3,"OK","Oklahoma","South",2001
"576",4000,51,204000,63000,1.24,253000,0,119.4,0,0,0,119.4,"OK","Oklahoma","South",1998
"577",6000,45,270000,49000,1.34,362000,0,153,0,0,0,153,"OK","Oklahoma","South",1999
"578",7000,35,245000,64000,1.26,309000,0,307.5,0,0,0,307.5,"OK","Oklahoma","South",2000
"579",39000,42,1638000,557000,1.08,1769000,244.9,1407.3,723.6,920.6,278.1,3574.5,"OR","Oregon","West",2005
"580",42000,51,2142000,964000,1.27,2720000,0,1239.9,430.3,539.2,0,2209.4,"OR","Oregon","West",2003
"581",42000,54,2268000,1111000,1.21,2744000,59.2,1682.6,369.6,478.5,466.5,3056.4,"OR","Oregon","West",2004
"582",43000,49,2107000,885000,1.35,2844000,0,1901.9,448.6,308.3,0,2658.8,"OR","Oregon","West",2002
"583",44000,44,1936000,1200000,0.74,1433000,0,3188.5,140.7,0,0,3329.2,"OR","Oregon","West",2001
"584",45000,57,2565000,2026000,0.8,2052000,0,583.2,0,0,0,583.2,"OR","Oregon","West",1999
"585",46000,43,1978000,1088000,1.31,2591000,1173.6,1596.4,635,1308.2,371.7,5084.9,"OR","Oregon","West",2007
"586",46000,48,2208000,729000,1.05,2318000,543.4,470.5,628.1,1645.8,566.6,3854.4,"OR","Oregon","West",2006
"587",48000,51,2448000,1665000,0.66,1616000,0,1739.6,0,0,0,1739.6,"OR","Oregon","West",2000
"588",50000,43,2150000,1097000,1.41,3032000,336.7,2943.1,910,1230.4,591,6011.2,"OR","Oregon","West",2008
"589",50000,45,2250000,1620000,0.9,2025000,0,1543.1,0,0,0,1543.1,"OR","Oregon","West",1998
"590",55000,34,1870000,767000,1.54,2880000,1027.1,4093,2166.1,673,602.4,8561.6,"OR","Oregon","West",2009
"591",59000,39,2301000,874000,1.63,3751000,1289.4,5111.4,2070.8,918.2,612.1,10001.9,"OR","Oregon","West",2010
"592",60000,32,1920000,845000,2.16,4147000,571.2,6878.9,4527.9,728.3,345.1,13051.4,"OR","Oregon","West",2012
"593",60000,34,2040000,755000,1.68,3427000,451.8,6917.6,1284.3,647.5,281.4,9582.6,"OR","Oregon","West",2011
"594",62000,35,2170000,456000,2.39,5186000,1189.2,7759.4,4135.6,1019.5,453.7,14557.4,"OR","Oregon","West",2013
"595",71000,38,2698000,809000,2.43,6556000,65.3,4410.7,235.8,549.8,35.1,5296.7,"OR","Oregon","West",2015
"596",71000,40,2840000,767000,2.2,6248000,993.3,6588.7,5361.1,872.8,219.3,14035.2,"OR","Oregon","West",2014
"597",74000,35,2590000,622000,1.91,4947000,327.6,4091.9,108,304.9,19.9,4852.3,"OR","Oregon","West",2016
"598",78000,40,3120000,998000,1.89,5897000,336.7,3698.9,1156.3,16,0,8402.1,"OR","Oregon","West",2017
"599",13000,45,585000,257000,3.03,1773000,19178.3,3503,5813.4,1651.5,1073.8,31220,"PA","Pennsylvania","Northeast",2013
"600",16000,46,736000,177000,3.4,2502000,336.7,3698.9,1156.3,16,0,8402.1,"PA","Pennsylvania","Northeast",2017
"601",16000,60,960000,269000,2.57,2467000,16489.1,9714.9,5118.5,2152.4,895.9,34370.8,"PA","Pennsylvania","Northeast",2012
"602",17000,46,782000,203000,2.91,2276000,22058.6,9313.2,5245.7,1645.5,1616.9,39879.9,"PA","Pennsylvania","Northeast",2014
"603",17000,53,901000,225000,3.62,3262000,439.5,2294.2,337.3,2520.4,1382.6,6974,"PA","Pennsylvania","Northeast",2015
"604",19000,50,950000,266000,3.03,2879000,942.7,1838.5,1122.5,2319,435.5,6658.2,"PA","Pennsylvania","Northeast",2016
"605",21000,40,840000,319000,2.03,1705000,10994,2636.1,2797.3,1156,1137.1,18720.5,"PA","Pennsylvania","Northeast",2009
"606",23000,48,1104000,276000,1.65,1822000,10003.2,1973.6,2788.5,1012.7,512.5,16290.5,"PA","Pennsylvania","Northeast",2008
"607",24000,44,1056000,306000,2.55,2693000,9158,5840.5,4433.8,1576.9,1054.1,22063.3,"PA","Pennsylvania","Northeast",2011
"608",25000,42,1050000,326000,1.7,1785000,9827.4,2193.4,2286.2,835.8,742.5,15885.3,"PA","Pennsylvania","Northeast",2007
"609",25000,45,1125000,630000,0.76,855000,0,1920.9,0,0,0,1920.9,"PA","Pennsylvania","Northeast",2000
"610",26000,57,1482000,785000,0.92,1363000,0,2047.8,1.5,0,0,2049.3,"PA","Pennsylvania","Northeast",2001
"611",26000,66,1716000,789000,0.8,1373000,0,2068.1,0,0,0,2068.1,"PA","Pennsylvania","Northeast",1998
"612",27000,50,1350000,419000,1.44,1944000,0,1442,899,0,0,2341,"PA","Pennsylvania","Northeast",2003
"613",28000,40,1120000,605000,1.63,1826000,6848.4,2111.7,2068.4,417.9,2414.76,14003.1,"PA","Pennsylvania","Northeast",2006
"614",28000,56,1568000,8e+05,1.12,1756000,8217.6,2002.1,3810.7,410.7,1365.4,15806.5,"PA","Pennsylvania","Northeast",2005
"615",28000,60,1680000,790000,0.76,1277000,0,2100.5,0,0,0,2100.5,"PA","Pennsylvania","Northeast",1999
"616",29000,57,1653000,827000,1.34,2215000,0,2120.8,187.6,0,0,2308.4,"PA","Pennsylvania","Northeast",2002
"617",30000,37,1110000,377000,2.13,2364000,5339,4065.1,3886.9,1214.6,473.1,14978.7,"PA","Pennsylvania","Northeast",2010
"618",30000,54,1620000,810000,1.42,2300000,5459.9,1608.3,1116.8,226.4,443.6,8855,"PA","Pennsylvania","Northeast",2004
"619",14000,67,938000,38000,4.1,3846000,900.5,5923,1364.2,59.5,0,8247.2,"SC","South Carolina","South",2015
"620",16000,34,544000,27000,3.06,1665000,336.7,3698.9,1156.3,16,0,8402.1,"SC","South Carolina","South",2017
"621",16000,45,720000,36000,4.57,3290000,2473.2,9400.7,2362,34.4,0,14270.3,"SC","South Carolina","South",2016
"622",4000,70,280000,17480,1.89,529000,0,625.6,264.9,0,0,890.5,"SC","South Carolina","South",2003
"623",5000,94,470000,17480,1.25,588000,0,295.5,476.3,0,0,771.8,"SC","South Carolina","South",2002
"624",7000,40,280000,67000,0.79,240640,0,631,0,0,0,631,"SC","South Carolina","South",2001
"625",9000,54,486000,19000,3.97,1929000,7144.3,5645.3,3728.9,18.6,0,16537.1,"SC","South Carolina","South",2014
"626",215000,105,22575000,11933520,1.01,22801000,5911.3,608.5,5271.8,0,0,11791.6,"SD","South Dakota","Midwest",2004
"627",215000,70,15050000,2709000,1.43,21522000,0,23.8,35.5,0,0,59.3,"SD","South Dakota","Midwest",2003
"628",220000,79,17380000,11818000,0.83,14425000,14632.9,2917.8,5778.2,0,0,23328.9,"SD","South Dakota","Midwest",2005
"629",224000,104,23296000,11933520,0.6,13978000,0,166.3,0,0,0,166.3,"SD","South Dakota","Midwest",1999
"630",225000,47,10575000,10575000,0.94,9941000,9656.3,2415.1,7890.2,0,0,19961.6,"SD","South Dakota","Midwest",2006
"631",225000,51,11475000,2410000,1.42,16295000,0,19.48,26.1,0,0,40.1,"SD","South Dakota","Midwest",2002
"632",225000,95,21375000,10901000,0.64,13680000,0,29.8,0,0,0,29.8,"SD","South Dakota","Midwest",1998
"633",225000,95,21375000,11933520,1.34,28643000,19030.9,8371.2,15456.4,0,0,42858.5,"SD","South Dakota","Midwest",2008
"634",235000,117.52,28435000,11933520,0.58,16492000,0,339.1,0,0,0,339.1,"SD","South Dakota","Midwest",2000
"635",235000,65,15275000,11933520,0.71,10845000,0,129.1,6.8,0,0,135.9,"SD","South Dakota","Midwest",2001
"636",250000,66,16500000,4290000,1.7,28050000,56469.5,9590,31202.5,0,0,97262,"SD","South Dakota","Midwest",2011
"637",255000,52,13260000,10608000,1.02,13525000,17259.9,5374.1,12813.5,0,0,35447.5,"SD","South Dakota","Midwest",2007
"638",255000,57,14535000,6541000,1.91,27762000,336.7,3698.9,1156.3,16,0,8402.1,"SD","South Dakota","Midwest",2017
"639",260000,63,16380000,3604000,1.95,31941000,83387.2,23306,27449.5,0,0,134142.7,"SD","South Dakota","Midwest",2012
"640",265000,56,14840000,6381000,2.07,30719000,110271.7,41123.6,20578.9,0,0,171974.2,"SD","South Dakota","Midwest",2013
"641",265000,58,15370000,4765000,1.51,23209000,25785.1,19213.3,24743.8,0,0,69742.2,"SD","South Dakota","Midwest",2010
"642",270000,66,17820000,6237000,1.42,25304000,25722.1,11245.6,30030.9,0,0,66998.6,"SD","South Dakota","Midwest",2009
"643",280000,71,19880000,11933520,1.76,34989000,0,903.9,312,0,0,1215.9,"SD","South Dakota","Midwest",2016
"644",280000,87,24360000,5846000,2.08,50258840,99792.8,15470.3,33505.7,0,0,148768.8,"SD","South Dakota","Midwest",2014
"645",290000,66,19140000,9379000,1.79,34261000,0,2380.3,7602.5,0,0,9982.8,"SD","South Dakota","Midwest",2015
"646",6000,40,240000,46000,1.52,365000,0,1080.9,1378.5,0,0,2459.4,"TN","Tennessee","South",2003
"647",6000,54,324000,91000,1.73,561000,1814.1,9368,4763.2,2195.6,2,18142.9,"TN","Tennessee","South",2004
"648",6000,55,330000,69000,4.88,1610000,3974.5,3258.7,16149.1,474.9,0,23857.2,"TN","Tennessee","South",2016
"649",6000,61,366000,59000,2.93,1072000,12711.3,9755,15320.4,37.4,2.1,37826.2,"TN","Tennessee","South",2012
"650",7000,41,287000,75000,4.68,1343000,336.7,3698.9,1156.3,16,0,8402.1,"TN","Tennessee","South",2017
"651",7000,44,308000,68000,2.93,902000,8521.7,12683.9,13807.5,911,6.4,35930.5,"TN","Tennessee","South",2011
"652",7000,45,315000,63000,3.55,1118000,24363.6,11922.9,12578.1,14.2,3.9,48882.7,"TN","Tennessee","South",2013
"653",7000,51,357000,86000,2.37,846000,4902.4,6533,16165.1,641.8,0.1,28242.4,"TN","Tennessee","South",2009
"654",7000,55,385000,58000,1.84,708000,1644.2,5413.7,13435.6,1060.2,33.4,21587.1,"TN","Tennessee","South",2006
"655",7000,55,385000,92000,1.67,643000,698.2,12633.2,4017.1,695.6,16,18060.1,"TN","Tennessee","South",2005
"656",7000,59,413000,78000,4.04,1669000,958.2,5303.8,2472.5,580.7,11.3,9326.5,"TN","Tennessee","South",2015
"657",7000,61,427000,149000,2.09,892000,3438,9691.3,5011.7,461.4,17.3,18619.7,"TN","Tennessee","South",2008
"658",7000,63,441000,88000,3.76,1658000,24614.4,18828.9,7925.3,482.7,14.6,51865.9,"TN","Tennessee","South",2014
"659",7000,64,448000,121000,1.32,591000,0,2954.5,0,0,0,2954.5,"TN","Tennessee","South",1998
"660",7000,65,455000,114000,1.99,905000,2122.4,5452.4,10910.5,793.8,19.6,19298.7,"TN","Tennessee","South",2007
"661",8000,51,408000,106000,1.3,530000,0,3196.2,0,0,0,3196.2,"TN","Tennessee","South",1999
"662",8000,59,472000,131000,1.39,656000,0,1793.7,463.2,0,0,2256.9,"TN","Tennessee","South",2001
"663",8000,61,488000,137000,1.4,683000,0,2572.4,369.5,79.5,0,3021.4,"TN","Tennessee","South",2002
"664",8000,63,504000,106000,2.5,1260000,2765.5,10607.5,17264.6,326.5,6.4,30970.5,"TN","Tennessee","South",2010
"665",9000,61,549000,104000,1.43,785000,0,3094.9,0,0,0,3094.9,"TN","Tennessee","South",2000
"666",1e+05,72,7200000,792000,1.51,10872000,16309.8,33072.3,21185.7,4883.5,0,75451.3,"TX","Texas","South",2010
"667",105000,79,8295000,2986000,0.57,4728000,0,8249.2,0,0,0,8249.2,"TX","Texas","South",2000
"668",105000,82,8610000,1550000,0.96,8266000,13963.4,28647.4,21783.1,5459.1,0,69853,"TX","Texas","South",2007
"669",106000,59,6254000,1689000,2.1,13133000,49624,54520.1,37905.6,871.2,0,142920.9,"TX","Texas","South",2013
"670",108000,81,8748000,2799000,0.64,5599000,0,19112.6,0,0,0,19112.6,"TX","Texas","South",1999
"671",114000,67,7638000,985000,1.14,8707000,0,5253,1101.7,3255.2,0,9609.9,"TX","Texas","South",2002
"672",116000,76,8816000,1411000,0.97,8552000,11383.1,44266.8,14481.7,9355.9,0,79487.5,"TX","Texas","South",2004
"673",116000,78,9048000,2081000,2.24,20268000,53455.1,63305.3,45239,2057.7,0,164057.1,"TX","Texas","South",2014
"674",120000,66,7920000,2297000,2.11,16711000,336.7,3698.9,1156.3,16,0,8402.1,"TX","Texas","South",2017
"675",126000,66,8316000,1164000,2.1,17464000,0,27046.2,19475.6,897.9,0,47419.7,"TX","Texas","South",2015
"676",133000,70,9310000,2607000,2.08,19365000,0,13523.5,6855.4,2400.9,0,22779.8,"TX","Texas","South",2016
"677",140000,67,9380000,1126000,1.4,13132000,0,4280.2,551.1,3570.8,0,8402.1,"TX","Texas","South",2003
"678",77000,64,4928000,1380000,1.34,6604000,17196.3,14089.8,16558.7,4167.2,0,52012,"TX","Texas","South",2008
"679",78000,58,4524000,633000,1.78,8053000,15317.7,48437.8,31178.1,1468.2,0,96401.8,"TX","Texas","South",2011
"680",82000,70,5740000,976000,0.89,5109000,9881.7,19838.6,13792.6,1880.9,0,45393.8,"TX","Texas","South",2006
"681",84000,71,5964000,954000,0.86,5129000,28128.1,11748.1,22322.6,8186.8,0,70385.6,"TX","Texas","South",2005
"682",89000,63,5607000,1065000,1.39,7794000,27530.7,17772.8,20451.6,1747.8,0,67502.9,"TX","Texas","South",2009
"683",91000,77,7007000,1612000,0.62,4344000,0,6069.7,0,0,0,6069.7,"TX","Texas","South",1998
"684",92000,52,4784000,718000,2,9568000,34068.6,41223.7,48819.28,372.5,0,126923.7,"TX","Texas","South",2012
"685",97000,79,7663000,1533000,0.65,4981000,0,18478.4,406.8,0,0,18885.2,"TX","Texas","South",2001
"686",22000,59,1298000,208000,1.3,1687000,0,44,1.4,0.5,0,45.9,"UT","Utah","West",2002
"687",23000,38,874000,315000,0.65,568000,0,19.48,0,0,0,26.5,"UT","Utah","West",2001
"688",23000,39,897000,170000,1.75,1570000,141.7,297,188,0,0,626.7,"UT","Utah","West",2011
"689",24000,41,984000,462000,0.6,590000,0,88.7,0,0,0,88.7,"UT","Utah","West",2000
"690",24000,45,1080000,346000,0.95,1026000,76.6,25.4,11.4,40.6,0,154,"UT","Utah","West",2005
"691",24000,70,1680000,554000,1.1,1848000,100.3,39.9,0.9,37.9,0,179,"UT","Utah","West",2004
"692",25000,38,950000,209000,1.87,1777000,700.6,636.4,196.2,0,0,1533.2,"UT","Utah","West",2012
"693",25000,57,1425000,157000,1.28,1824000,0,45.7,1.7,12.2,0,59.6,"UT","Utah","West",2003
"694",26000,30,780000,195000,1.53,1193000,155.4,256.4,157.1,26.9,0,595.8,"UT","Utah","West",2010
"695",26000,38,988000,198000,1.46,1442000,80.9,148.3,91,20.7,0,340.9,"UT","Utah","West",2009
"696",26000,45,1170000,433000,0.68,796000,0,19.8,0,0,0,26.5,"UT","Utah","West",1999
"697",26000,50,1300000,299000,0.98,1274000,48.3,19.48,50.8,19.4,0,130.8,"UT","Utah","West",2006
"698",27000,31,837000,67000,2.06,1724000,336.7,3698.9,1156.3,16,0,8402.1,"UT","Utah","West",2017
"699",27000,42,1134000,147000,1.92,2177000,0,220.3,0.3,3.2,0,223.8,"UT","Utah","West",2015
"700",28000,42,1176000,270000,1.13,1329000,11.9,19.48,6.5,8.7,0,44.8,"UT","Utah","West",2007
"701",28000,48,1344000,242000,1.57,2110000,150.2,68,39.7,25.1,0,283,"UT","Utah","West",2008
"702",29000,28,812000,130000,2.13,1730000,892.3,434.2,413.5,11.5,0,1751.5,"UT","Utah","West",2014
"703",30000,34,1020000,92000,2.09,2132000,536.7,554.5,527.2,21.3,0,1639.7,"UT","Utah","West",2013
"704",30000,58,1740000,557000,0.65,1131000,0,61.6,0,0,0,61.6,"UT","Utah","West",1998
"705",31000,32,992000,169000,1.93,1915000,0,87.4,8.1,0,0,95.5,"UT","Utah","West",2016
"706",4000,40,160000,21000,4.07,651000,3086.9,4546.1,5719.8,838.4,9.3,14200.5,"VA","Virginia","South",2011
"707",4000,41,164000,23000,3.77,618000,6663.5,2546.8,3471.1,628.5,14.8,13324.7,"VA","Virginia","South",2012
"708",5000,35,175000,39000,4.966,1003000,336.7,3698.9,1156.3,16,0,8402.1,"VA","Virginia","South",2017
"709",5000,35,175000,42000,4.5,788000,2191.6,8739.3,4279.2,309.2,10.8,15530.1,"VA","Virginia","South",2013
"710",5000,37,185000,37000,3.32,614000,3070.4,2374.8,1349.2,836,70.1,7700.5,"VA","Virginia","South",2010
"711",5000,38,190000,30000,4.966,1112000,4225.6,3238.6,1000.9,1306.8,0,9771.9,"VA","Virginia","South",2016
"712",6000,37,222000,69000,1.68,373000,0,958.7,234.2,13.2,0,1206.1,"VA","Virginia","South",2003
"713",6000,38,228000,50000,4.966,1261000,141,4370.8,400.5,1568.8,23.1,6504.2,"VA","Virginia","South",2015
"714",6000,39,234000,56000,3.45,807000,3954.9,1283.8,3659.6,486.1,177.4,9561.8,"VA","Virginia","South",2009
"715",6000,41,246000,57000,4.68,1151000,5310.4,12277.3,3840.9,751.3,29.7,22209.6,"VA","Virginia","South",2014
"716",6000,42,252000,45000,2.42,610000,5303.8,1061.8,1514.2,481,0,8360.8,"VA","Virginia","South",2008
"717",6000,46,276000,63000,2.43,671000,2899.7,1890.4,2715.4,710.4,25.8,8241.7,"VA","Virginia","South",2007
"718",7000,35,245000,86000,1.17,287000,0,835.5,0,0,0,835.5,"VA","Virginia","South",1999
"719",7000,38,266000,69000,2.1,559000,1319.2,1480.5,616.5,132.8,0,3549,"VA","Virginia","South",2004
"720",7000,42,294000,103000,1.5,441000,0,1660,0,0,0,1660,"VA","Virginia","South",2000
"721",8000,37,296000,59000,2.2,651000,1038.9,1388.6,437,1041.6,20.9,3927,"VA","Virginia","South",2005
"722",8000,37,296000,86000,1.33,394000,0,2842.2,0,0,0,2842.2,"VA","Virginia","South",1998
"723",8000,38,304000,79000,1.9,578000,0,3070,250.8,0,0,3320.8,"VA","Virginia","South",2002
"724",8000,42,336000,114000,2.2,739000,2827.3,3115.1,1173,1046.9,61.2,8223.5,"VA","Virginia","South",2006
"725",9000,52,468000,94000,1.26,590000,0,1708.9,0,0,0,1708.9,"VA","Virginia","South",2001
"726",3240,51,153720,46000,3.89,595000,1389.4,114.2,245,135.6,94.3,1978.5,"VT","Vermont","Northeast",2013
"727",3240,58,174000,61000,4.89,851000,1517.8,209.5,176,50.7,57,2011,"VT","Vermont","Northeast",2014
"728",4000,43,172000,43000,2.31,397000,359.3,75.9,130.6,50.6,129.3,745.7,"VT","Vermont","Northeast",2011
"729",4000,60,240000,53000,2.39,574000,510,72.9,80.6,42.2,93.8,799.5,"VT","Vermont","Northeast",2012
"730",4000,65,260000,73000,3.1,806000,304,113.1,188.7,155.7,81.7,843.2,"VT","Vermont","Northeast",2010
"731",5000,49,245000,69000,2.01,492000,229.7,85.6,146.8,22.8,149.8,634.7,"VT","Vermont","Northeast",2009
"732",5000,52,260000,62000,4.23,1100000,0,80.6,18.9,49,69.4,217.9,"VT","Vermont","Northeast",2015
"733",5000,64,320000,96000,1.7,544000,70.4,77.2,758.4,77,36.7,1019.7,"VT","Vermont","Northeast",2007
"734",5000,66,330000,119000,2.2,726000,201.1,125.9,62.1,57.9,65,512,"VT","Vermont","Northeast",2008
"735",6000,52,312000,69000,3.64,1136000,0,39.7,21.8,51.5,0,113,"VT","Vermont","Northeast",2016
"736",6000,56,336000,144000,1.2,403000,395.1,49.9,15.2,54.8,168,683,"VT","Vermont","Northeast",2006
"737",6000,64,384000,207000,0.85,326000,0,19.48,0,0,0,26.5,"VT","Vermont","Northeast",1998
"738",6000,66,396000,222000,0.63,249000,0,19.48,0,0,0,26.5,"VT","Vermont","Northeast",1999
"739",6000,68,408000,192000,1.51,616000,92.2,185.9,7.5,3.9,17.8,307.3,"VT","Vermont","Northeast",2004
"740",6000,91,546000,169000,1.12,612000,33.4,937.5,112.7,134.9,101.2,1319.7,"VT","Vermont","Northeast",2005
"741",7000,45,315000,120000,4.17,1314000,336.7,3698.9,1156.3,16,0,8402.1,"VT","Vermont","Northeast",2017
"742",7000,59,413000,211000,0.68,281000,0,41.6,0,0,0,41.6,"VT","Vermont","Northeast",2000
"743",7000,81,567000,249000,0.92,522000,0,69.8,0,0,0,69.8,"VT","Vermont","Northeast",2001
"744",7000,83,581000,163000,1.96,1139000,0,21,1.9,0,0,26.5,"VT","Vermont","Northeast",2003
"745",7000,89,623000,274000,1.2,748000,0,37.8,1.9,0,0,39.7,"VT","Vermont","Northeast",2002
"746",46000,44,2024000,648000,1.25,2530000,2433.3,8497.6,1251.5,8455.8,1077.2,21715.4,"WA","Washington","West",2007
"747",48000,52,2496000,1048000,0.72,1797000,0,6570.7,211.1,0,0,6781.8,"WA","Washington","West",2001
"748",49000,44,2156000,862000,1.51,3256000,1424.6,5617.2,2020.9,6533.6,870.8,16467.1,"WA","Washington","West",2008
"749",49000,52,2548000,1605000,1.24,3160000,387.7,3184.9,708.9,6736.5,2202.6,13220.6,"WA","Washington","West",2006
"750",50000,51,2550000,561000,1.27,3239000,0,7068.2,717.5,1628.6,0,9414.3,"WA","Washington","West",2002
"751",51000,55,2805000,1935000,1.01,2833000,3393.6,5273.1,4023.6,6638.4,1434.4,20763.1,"WA","Washington","West",2005
"752",52000,50,2600000,1170000,0.6,1560000,0,3698.9,0,0,0,3698.9,"WA","Washington","West",1999
"753",52000,54,2808000,1151000,0.58,1629000,0,10588.6,0,0,0,10588.6,"WA","Washington","West",2000
"754",56000,63,3528000,1376000,0.98,3457000,23.6,5227.5,1679.7,6923.3,1762.5,15616.6,"WA","Washington","West",2004
"755",58000,51,2958000,1361000,0.64,1893000,0,24933.7,0,0,0,24933.7,"WA","Washington","West",1998
"756",58000,56,3248000,942000,1.46,4742000,0,5527.7,1402.7,6656.6,0,13587,"WA","Washington","West",2003
"757",62000,41,2542000,1017000,2.38,6050000,4485,25521,11293,6504,754.1,48557.1,"WA","Washington","West",2012
"758",62000,44,2728000,1064000,1.58,4310000,1633.3,11217.8,7777,5437.6,1717.3,27783,"WA","Washington","West",2009
"759",68000,44,2992000,1167000,2.61,7809000,3319.3,19598.3,12349.6,6223.8,2045,43536,"WA","Washington","West",2014
"760",69000,39,2691000,1023000,2.3,6189000,4413.2,17842.4,14776.1,4190.6,2414.76,45495.5,"WA","Washington","West",2013
"761",71000,37,2627000,1077000,1.57,4124000,1046.9,15741.2,6492.3,4465.9,2398.2,30144.5,"WA","Washington","West",2010
"762",71000,38,2698000,836000,1.93,5207000,5530.4,13205.8,14840,3141.8,2379.3,39097.3,"WA","Washington","West",2011
"763",73000,44,3212000,1221000,1.8,5782000,419.9,20780.1,3198.6,6707.3,611.9,31717.8,"WA","Washington","West",2015
"764",77000,45,3465000,1594000,2.25,7796000,336.7,3698.9,1156.3,16,0,8402.1,"WA","Washington","West",2017
"765",84000,35,2940000,412000,1.99,5851000,3280.3,13275.1,4947.3,6453.8,64,28020.5,"WA","Washington","West",2016
"766",52000,67,3484000,1603000,2.43,8466000,937.5,3301.6,7233.8,679.4,0,12152.3,"WI","Wisconsin","Midwest",2015
"767",53000,54,2862000,1030000,2.38,6812000,48908.5,9756.5,22715,292,0,81672,"WI","Wisconsin","Midwest",2014
"768",53000,56,2968000,683000,2.77,8221000,336.7,3698.9,1156.3,16,0,8402.1,"WI","Wisconsin","Midwest",2017
"769",54000,62,3348000,1205000,2.67,8939000,459.5,4535.9,1706.2,580,0,7281.6,"WI","Wisconsin","Midwest",2016
"770",57000,63,3591000,1508000,1.89,6787000,24781.5,6481,14983.6,73.6,0,46319.7,"WI","Wisconsin","Midwest",2011
"771",58000,80,4640000,2366000,1.5,6960000,19831.9,9206.2,11522.2,9.1,0,40569.4,"WI","Wisconsin","Midwest",2008
"772",59000,60,3540000,1558000,2.38,8425000,51622.8,9692.6,16506,226.8,0,78048.2,"WI","Wisconsin","Midwest",2013
"773",60000,69,4140000,1863000,2.05,8487000,34275.8,12434.9,18072.8,411.3,0,65194.8,"WI","Wisconsin","Midwest",2012
"774",60000,84,5040000,3024000,1.22,6149000,11492.4,4137,7236.8,42.1,0,22908.3,"WI","Wisconsin","Midwest",2007
"775",63000,60,3780000,1588000,1.58,5972000,17591.6,9564.6,18956,64.7,0,46176.9,"WI","Wisconsin","Midwest",2009
"776",64000,64,4096000,1556000,1.68,6881000,18832,8568.4,14277.6,92.4,0,41770.4,"WI","Wisconsin","Midwest",2010
"777",64000,83,5312000,2922000,1.14,6056000,8211.9,4763.9,3063,1123.7,0,17162.5,"WI","Wisconsin","Midwest",2005
"778",64000,93,5952000,2500000,1.12,6666000,8449.8,4313,7194.5,222.7,0,20180,"WI","Wisconsin","Midwest",2006
"779",67000,81,5427000,3419000,0.82,4450000,0,6284.4,29.1,0,0,6313.5,"WI","Wisconsin","Midwest",2001
"780",68000,86,5848000,2632000,1.19,6959000,2434.3,8487,1680.6,0,0,12601.9,"WI","Wisconsin","Midwest",2004
"781",70000,95,6650000,2461000,1.34,8911000,0,3654.8,680.9,0,0,4335.7,"WI","Wisconsin","Midwest",2002
"782",74000,77,5698000,2678000,1.47,8376000,0,3263.5,1950.7,0,0,5214.2,"WI","Wisconsin","Midwest",2003
"783",80000,75,6e+06,4560000,0.68,4080000,0,3660.9,0,0,0,3660.9,"WI","Wisconsin","Midwest",1999
"784",84000,90,7560000,4385000,0.68,5141000,0,9522.6,0,0,0,9522.6,"WI","Wisconsin","Midwest",2000
"785",89000,91,8099000,5264000,0.72,5831000,0,4283.2,0,0,0,4283.2,"WI","Wisconsin","Midwest",1998
"786",4000,53,212000,45000,2.57,545000,258.3,332.1,257.3,276.1,92.2,1216,"WV","West Virginia","South",2011
"787",5000,32,160000,43000,3.92,627000,179.4,39.6,35.7,265.3,0,520,"WV","West Virginia","South",2016
"788",5000,35,175000,32000,4.44,777000,59.8,310.7,44,469.1,249.2,1132.8,"WV","West Virginia","South",2015
"789",5000,37,185000,33000,2.6,481000,409.4,104.9,131.4,206.8,69.2,921.7,"WV","West Virginia","South",2009
"790",5000,40,2e+05,40000,2.39,478000,324.1,174.9,92.2,238.5,36.6,866.3,"WV","West Virginia","South",2010
"791",6000,31,186000,33000,4.07,757000,578.5,682.1,547.4,599.4,244.6,2652,"WV","West Virginia","South",2014
"792",6000,39,234000,152000,1.09,255000,0,251.2,0,0,0,251.2,"WV","West Virginia","South",1999
"793",6000,40,240000,50000,3.85,924000,336.7,3698.9,1156.3,16,0,8402.1,"WV","West Virginia","South",2017
"794",6000,42,252000,68000,2.02,509000,173.8,153.6,41.1,294.4,21,683.9,"WV","West Virginia","South",2006
"795",6000,43,258000,49000,2.16,557000,385.8,94.1,51.2,260.1,0,791.2,"WV","West Virginia","South",2008
"796",6000,46,276000,83000,3.66,1010000,394.5,379,318.9,525.7,13.7,1631.8,"WV","West Virginia","South",2013
"797",6000,48,288000,95000,2.09,602000,143.4,178,66.6,288.9,172.6,849.5,"WV","West Virginia","South",2007
"798",6000,48,288000,95000,2.91,838000,849.4,275.2,309.2,190.5,127.2,1751.5,"WV","West Virginia","South",2012
"799",6000,55,330000,155000,1.14,376000,0,120.7,0,0,0,120.7,"WV","West Virginia","South",1998
"800",7000,54,378000,234000,1.22,461000,0,130,0,0,0,130,"WV","West Virginia","South",2000
"801",7000,65,455000,410000,1.42,646000,0,62,0,0,0,62,"WV","West Virginia","South",2001
"802",8000,47,376000,194000,1.89,711000,0,181.4,0.3,4.2,0,185.9,"WV","West Virginia","South",2003
"803",8000,51,408000,102000,1.29,526000,54.5,130.1,19.4,251.5,153.8,609.3,"WV","West Virginia","South",2005
"804",9000,51,459000,151000,1.32,606000,0,81.9,0.4,0,0,82.3,"WV","West Virginia","South",2002
"805",9000,55,495000,183000,1.41,698000,144.9,208.8,28.1,30.7,0,412.5,"WV","West Virginia","South",2004
"806",34000,36,1224000,282000,1.59,1946000,756.3,128.1,663.7,0,0,1548.1,"WY","Wyoming","West",2010
"807",35000,54,1890000,265000,1.72,3251000,802.7,118.2,271.6,0,0,1192.5,"WY","Wyoming","West",2011
"808",37000,48,1776000,391000,1.43,2540000,901.3,137.1,469.7,0,0,1508.1,"WY","Wyoming","West",2009
"809",37000,72,2664000,746000,0.61,1625000,0,23.2,0,0,0,26.5,"WY","Wyoming","West",1999
"810",38000,61,2318000,255000,2.08,4821000,1262,258.2,566.1,0,0,2086.3,"WY","Wyoming","West",2014
"811",38000,63,2394000,383000,1.33,3184000,0,45.4,22,0,0,67.4,"WY","Wyoming","West",2002
"812",38000,77,2926000,146000,1.9,5559000,0,114.4,19,0,0,133.4,"WY","Wyoming","West",2015
"813",38000,77,2926000,468000,0.65,1902000,0,188.8,4.3,0,0,193.1,"WY","Wyoming","West",2001
"814",39000,53,2067000,186000,1.59,3287000,336.7,3698.9,1156.3,16,0,8402.1,"WY","Wyoming","West",2017
"815",39000,61,2379000,381000,1.37,3259000,391.7,43.1,859.2,0,0,1294,"WY","Wyoming","West",2008
"816",39000,75,2925000,380000,1.1,3218000,217.8,132.1,75.2,0,0,425.1,"WY","Wyoming","West",2004
"817",39000,81,3159000,474000,1.41,4454000,0,19.48,35.1,0,0,54.1,"WY","Wyoming","West",2003
"818",39000,85,3315000,497000,0.98,3249000,218.1,31.9,83.7,0,0,333.7,"WY","Wyoming","West",2006
"819",39000,93,3627000,798000,0.59,2140000,0,44.5,0,0,0,44.5,"WY","Wyoming","West",2000
"820",40000,56,2240000,291000,0.89,1994000,182.7,98.5,105.7,0,0,386.9,"WY","Wyoming","West",2005
"821",40000,68,2720000,190000,1.78,4842000,0,27.5,9.4,0,0,36.9,"WY","Wyoming","West",2016
"822",43000,80,3440000,894000,1,3440000,122.2,198.3,76.3,0,0,396.8,"WY","Wyoming","West",2007
"823",46000,60,2760000,524000,0.68,1877000,0,91.2,0,0,0,91.2,"WY","Wyoming","West",1998
"824",47000,66,3102000,558000,2.11,6545000,840.9,155.9,526.2,0,0,1523,"WY","Wyoming","West",2013
"825",50000,51,2550000,459000,1.87,4769000,1174.9,277,423.3,0,0,1875.2,"WY","Wyoming","West",2012
