country,ISO alpha-3 code,UN_region,UN_subregion,year,record,crop_land,grazing_land,forest_land,fishing_ground,built_up_land,carbon,total,Percapita GDP (2010 USD),population,,
United States of America,USA,North America,North America,1961,BiocapPerCap,1.186466,0.525664234,2.71403473,0.543022203,0.037655858,0,5.006843209,17142.2,189077000,,FALSE
United States of America,USA,North America,North America,1961,BiocapTotGHA,224333466.7,99391016.28,513161544.7,102673009.1,7119856.665,0,946678893.4,17142.2,189077000,,
United States of America,USA,North America,North America,1961,EFConsPerCap,1.00004785,0.633423701,1.115385454,0.101876671,0.037655858,5.165382677,8.053772211,17142.2,189077000,189086047.4,FALSE
United States of America,USA,North America,North America,1961,EFConsTotGHA,189086047.4,119765853.1,210893735.4,19262535.41,7119856.665,976655060.4,1522783088,17142.2,189077000,189086047.4,FALSE
United States of America,USA,North America,North America,1961,EFExportsPerCap,0.27734317,0.007075026,0.03552101,0.010700897,0,0.142273579,0.472913682,17142.2,189077000,,
United States of America,USA,North America,North America,1961,EFExportsTotGHA,52439214.54,1337724.659,6716206.088,2023293.429,0,26900661.52,89417100.23,17142.2,189077000,189086047.4,
United States of America,USA,North America,North America,1961,EFImportsPerCap,0.090924836,0.114834493,0.115688862,0.036562221,0,0.179055498,0.537065911,17142.2,189077000,,
United States of America,USA,North America,North America,1961,EFImportsTotGHA,17191795.28,21712561.49,21874102.92,6913075.077,0,33855276.4,101546811.2,17142.2,189077000,,
United States of America,USA,North America,North America,1961,EFProdPerCap,1.186466184,0.525664234,1.035217602,0.076015347,0.037655858,5.128600758,7.989619983,17142.2,189077000,,
United States of America,USA,North America,North America,1961,EFProdTotGHA,224333466.7,99391016.28,195735838.6,14372753.77,7119856.665,969700445.5,1510653377,17142.2,189077000,,
United States of America,USA,North America,North America,1962,BiocapPerCap,1.136374252,0.516080515,2.67325613,0.533890211,0.037314852,0,4.89691596,17910.3,191861000,,
United States of America,USA,North America,North America,1962,BiocapTotGHA,218025900.3,99015723.73,512893594.4,102432709.8,7159264.888,0,939527193,17910.3,191861000,,
United States of America,USA,North America,North America,1962,EFConsPerCap,0.959395823,0.632262346,1.144372692,0.099382889,0.037314852,5.344006738,8.21673534,17910.3,191861000,,
United States of America,USA,North America,North America,1962,EFConsTotGHA,184070642,121306486,219560489.1,19067700.41,7159264.888,1025306477,1576471059,17910.3,191861000,,
United States of America,USA,North America,North America,1962,EFExportsPerCap,0.277928072,0.006966915,0.035299464,0.010482196,0,0.140457302,0.471133948,17910.3,191861000,,
United States of America,USA,North America,North America,1962,EFExportsTotGHA,53323557.84,1336679.227,6772590.442,2011124.562,0,26948278.42,90392230.48,17910.3,191861000,,
United States of America,USA,North America,North America,1962,EFImportsPerCap,0.100949644,0.123148746,0.12198807,0.035374387,0,0.178624385,0.560085232,17910.3,191861000,,
United States of America,USA,North America,North America,1962,EFImportsTotGHA,19368299.6,23627441.5,23404753.17,6786965.247,0,34271053.18,107458512.7,17910.3,191861000,,
United States of America,USA,North America,North America,1962,EFProdPerCap,1.136374252,0.516080515,1.057684085,0.074490698,0.037314852,5.305839655,8.127784057,17910.3,191861000,,
United States of America,USA,North America,North America,1962,EFProdTotGHA,218025900.3,99015723.73,202928326.3,14291859.73,7159264.888,1017983702,1559404777,17910.3,191861000,,
United States of America,USA,North America,North America,1963,BiocapPerCap,1.182538249,0.498952071,2.631883614,0.52482793,0.03883722,0,4.877039085,18431.2,194514000,,
United States of America,USA,North America,North America,1963,BiocapTotGHA,230020245,97053163.13,511938209.3,102086380,7554383.049,0,948652380.5,18431.2,194514000,,
United States of America,USA,North America,North America,1963,EFConsPerCap,0.98429987,0.617950505,1.10892918,0.09660034,0.03883722,5.607521109,8.454138224,18431.2,194514000,,
United States of America,USA,North America,North America,1963,EFConsTotGHA,191460104.9,120200024.4,215702250.5,18790118.54,7554383.049,1090741361,1644448242,18431.2,194514000,,
United States of America,USA,North America,North America,1963,EFExportsPerCap,0.299427718,0.007828579,0.04498261,0.011175258,0,0.157459486,0.520873651,18431.2,194514000,,
United States of America,USA,North America,North America,1963,EFExportsTotGHA,58242883.14,1522768.137,8749747.378,2173744.19,0,30628074.48,101317217.3,18431.2,194514000,,
United States of America,USA,North America,North America,1963,EFImportsPerCap,0.101189339,0.126827012,0.121759852,0.035944325,0,0.224144727,0.609865255,18431.2,194514000,,
United States of America,USA,North America,North America,1963,EFImportsTotGHA,19682743.06,24669629.45,23683995.88,6991674.438,0,43599287.44,118627330.3,18431.2,194514000,,
United States of America,USA,North America,North America,1963,EFProdPerCap,1.182538249,0.498952071,1.032151938,0.071831273,0.03883722,5.540835868,8.365146619,18431.2,194514000,,
United States of America,USA,North America,North America,1963,EFProdTotGHA,230020245,97053163.13,200768002,13972188.29,7554383.049,1077770148,1627138129,18431.2,194514000,,
United States of America,USA,North America,North America,1964,BiocapPerCap,1.100741637,0.489749405,2.595467293,0.517014682,0.036944299,0,4.739917316,19231.2,197029000,,
United States of America,USA,North America,North America,1964,BiocapTotGHA,216878024,96494835.45,511382325.4,101866885.8,7279098.246,0,933901168.8,19231.2,197029000,,
United States of America,USA,North America,North America,1964,EFConsPerCap,0.859679635,0.576498916,1.157294813,0.090448151,0.036944299,5.807491674,8.528357488,19231.2,197029000,,
United States of America,USA,North America,North America,1964,EFConsTotGHA,169381818.7,113587005,228020639.7,17820908.67,7279098.246,1144244277,1680333747,19231.2,197029000,,
United States of America,USA,North America,North America,1964,EFExportsPerCap,0.330066558,0.011298499,0.052146743,0.011207826,0,0.183414328,0.588133955,19231.2,197029000,,
United States of America,USA,North America,North America,1964,EFExportsTotGHA,65032683.9,2226131.967,10274420.71,2208266.749,0,36137941.65,115879445,19231.2,197029000,,
United States of America,USA,North America,North America,1964,EFImportsPerCap,0.089004556,0.098048011,0.121553756,0.032104353,0,0.245553241,0.586263917,19231.2,197029000,,
United States of America,USA,North America,North America,1964,EFImportsTotGHA,17536478.67,19318301.51,23949615.06,6325488.567,0,48381109.55,115510993.4,19231.2,197029000,,
United States of America,USA,North America,North America,1964,EFProdPerCap,1.100741637,0.489749405,1.0878878,0.069551624,0.036944299,5.745352761,8.530227525,19231.2,197029000,,
United States of America,USA,North America,North America,1964,EFProdTotGHA,216878024,96494835.45,214345445.4,13703686.85,7279098.246,1132001109,1680702199,19231.2,197029000,,
United States of America,USA,North America,North America,1965,BiocapPerCap,1.206847372,0.478252306,2.564809169,0.509034042,0.041214759,0,4.800157649,20207.8,199404000,,
United States of America,USA,North America,North America,1965,BiocapTotGHA,240650193.3,95365422.79,511433207.6,101503424.2,8218387.83,0,957170635.8,20207.8,199404000,,
United States of America,USA,North America,North America,1965,EFConsPerCap,0.9673354,0.576870918,1.184259245,0.091162502,0.041214759,6.079781084,8.940623908,20207.8,199404000,,
United States of America,USA,North America,North America,1965,EFConsTotGHA,192890548.1,115030368.6,236146030.5,18178167.6,8218387.83,1212332667,1782796170,20207.8,199404000,,
United States of America,USA,North America,North America,1965,EFExportsPerCap,0.325421853,0.009883111,0.054700508,0.010861723,0,0.204383504,0.6052507,20207.8,199404000,,
United States of America,USA,North America,North America,1965,EFExportsTotGHA,64890419.22,1970731.904,10907500.16,2165871.082,0,40754888.21,120689410.6,20207.8,199404000,,
United States of America,USA,North America,North America,1965,EFImportsPerCap,0.085909881,0.108501723,0.1259061,0.034097986,0,0.274897332,0.629313022,20207.8,199404000,,
United States of America,USA,North America,North America,1965,EFImportsTotGHA,17130773.97,21635677.66,25106180.03,6799274.719,0,54815627.53,125487533.9,20207.8,199404000,,
United States of America,USA,North America,North America,1965,EFProdPerCap,1.206847372,0.478252306,1.113053653,0.06792624,0.041214759,6.009267256,8.916561586,20207.8,199404000,,
United States of America,USA,North America,North America,1965,EFProdTotGHA,240650193.3,95365422.79,221947350.6,13544763.97,8218387.83,1198271928,1777998047,20207.8,199404000,,
United States of America,USA,North America,North America,1966,BiocapPerCap,1.167191787,0.474260553,2.538507438,0.503245879,0.040606248,0,4.723811904,21274.1,201629000,,
United States of America,USA,North America,North America,1966,BiocapTotGHA,235339712.8,95624680.95,511836716.2,101468963.3,8187397.148,0,952457470.4,21274.1,201629000,,
United States of America,USA,North America,North America,1966,EFConsPerCap,0.899007425,0.582727623,1.205224268,0.090579676,0.040606248,6.408670488,9.226815728,21274.1,201629000,,
United States of America,USA,North America,North America,1966,EFConsTotGHA,181265968.1,117494787.9,243008164,18263489.53,8187397.148,1292173822,1860393628,21274.1,201629000,,
United States of America,USA,North America,North America,1966,EFExportsPerCap,0.364445731,0.008082196,0.061118813,0.011672283,0,0.211628647,0.65694767,21274.1,201629000,,
United States of America,USA,North America,North America,1966,EFExportsTotGHA,73482828.25,1629605.051,12323325.11,2353470.785,0,42670472.53,132459701.7,21274.1,201629000,,
United States of America,USA,North America,North America,1966,EFImportsPerCap,0.096261369,0.116549266,0.134009007,0.034120989,0,0.285379236,0.666319867,21274.1,201629000,,
United States of America,USA,North America,North America,1966,EFImportsTotGHA,19409083.62,23499711.95,27020101.99,6879780.907,0,57540729.95,134349408.4,21274.1,201629000,,
United States of America,USA,North America,North America,1966,EFProdPerCap,1.167191787,0.474260553,1.132334074,0.06813097,0.040606248,6.334919899,9.217443531,21274.1,201629000,,
United States of America,USA,North America,North America,1966,EFProdTotGHA,235339712.8,95624680.95,228311387.1,13737179.41,8187397.148,1277303564,1858503922,21274.1,201629000,,
United States of America,USA,North America,North America,1967,BiocapPerCap,1.239574326,0.469484058,2.510202303,0.496646803,0.043877575,0,4.759785063,21569.8,203713000,,
United States of America,USA,North America,North America,1967,BiocapTotGHA,252517404.6,95640005.87,511360841.7,101173410.1,8938432.34,0,969630094.6,21569.8,203713000,,
United States of America,USA,North America,North America,1967,EFConsPerCap,1.018797796,0.559289149,1.158699821,0.087973711,0.043877575,6.587167447,9.455805498,21569.8,203713000,,
United States of America,USA,North America,North America,1967,EFConsTotGHA,207542355.3,113934470.4,236042216.7,17921388.61,8938432.34,1341891642,1926270505,21569.8,203713000,,
United States of America,USA,North America,North America,1967,EFExportsPerCap,0.313285708,0.007225267,0.072639755,0.012042316,0,0.22343893,0.628631975,21569.8,203713000,,
United States of America,USA,North America,North America,1967,EFExportsTotGHA,63820371.36,1471880.827,14797662.41,2453176.228,0,45517414.79,128060505.6,21569.8,203713000,,
United States of America,USA,North America,North America,1967,EFImportsPerCap,0.092509177,0.097030358,0.126733418,0.034583158,0,0.307530055,0.658386167,21569.8,203713000,,
United States of America,USA,North America,North America,1967,EFImportsTotGHA,18845322.07,19766345.34,25817244.82,7045038.863,0,62647870.18,134121821.3,21569.8,203713000,,
United States of America,USA,North America,North America,1967,EFProdPerCap,1.239574326,0.469484058,1.104606158,0.065432869,0.043877575,6.503076322,9.426051306,21569.8,203713000,,
United States of America,USA,North America,North America,1967,EFProdTotGHA,252517404.6,95640005.87,225022634.2,13329525.97,8938432.34,1324761187,1920209190,21569.8,203713000,,
United States of America,USA,North America,North America,1968,BiocapPerCap,1.26907935,0.45534968,2.477195764,0.490907246,0.043750398,0,4.736282437,22380.6,205688000,,
United States of America,USA,North America,North America,1968,BiocapTotGHA,261034393.3,93659965.05,509529442.2,100973729.6,8998931.776,0,974196461.9,22380.6,205688000,,
United States of America,USA,North America,North America,1968,EFConsPerCap,1.079463684,0.569092164,1.218960529,0.085413296,0.043750398,6.94190407,9.93858414,22380.6,205688000,,
United States of America,USA,North America,North America,1968,EFConsTotGHA,222032726.3,117055429,250725553.2,17568489.97,8998931.776,1427866364,2044247495,22380.6,205688000,,
United States of America,USA,North America,North America,1968,EFExportsPerCap,0.296966634,0.007448838,0.106312836,0.011482128,0,0.244833292,0.667043729,22380.6,205688000,,
United States of America,USA,North America,North America,1968,EFExportsTotGHA,61082472.97,1532136.602,21867274.64,2361735.991,0,50359270.23,137202890.4,22380.6,205688000,,
United States of America,USA,North America,North America,1968,EFImportsPerCap,0.107350968,0.121191322,0.177681696,0.035961467,0,0.351291504,0.793476957,22380.6,205688000,,
United States of America,USA,North America,North America,1968,EFImportsTotGHA,22080805.97,24927600.58,36546992.63,7396842.185,0,72256446.95,163208688.3,22380.6,205688000,,
United States of America,USA,North America,North America,1968,EFProdPerCap,1.26907935,0.45534968,1.147591669,0.060933957,0.043750398,6.835445858,9.812150912,22380.6,205688000,,
United States of America,USA,North America,North America,1968,EFProdTotGHA,261034393.3,93659965.05,236045835.2,12533383.78,8998931.776,1405969188,2018241697,22380.6,205688000,,
United States of America,USA,North America,North America,1969,BiocapPerCap,1.281950986,0.435578591,2.448007138,0.48299846,0.042688742,0,4.691223917,22850,207599000,,
United States of America,USA,North America,North America,1969,BiocapTotGHA,266131742.7,90425679.82,508203833.8,100269997.4,8862140.085,0,973893393.8,22850,207599000,,
United States of America,USA,North America,North America,1969,EFConsPerCap,1.119248986,0.539849298,1.217874613,0.084630247,0.042688742,7.171318527,10.17561041,22850,207599000,,
United States of America,USA,North America,North America,1969,EFConsTotGHA,232354970.3,112072174.4,252829551.8,17569154.73,8862140.085,1488758555,2112446546,22850,207599000,,
United States of America,USA,North America,North America,1969,EFExportsPerCap,0.264099794,0.007248068,0.107085573,0.011456593,0,0.26207451,0.651964538,22850,207599000,,
United States of America,USA,North America,North America,1969,EFExportsTotGHA,54826853.2,1504691.724,22230857.9,2378377.173,0,54406406.19,135347186.2,22850,207599000,,
United States of America,USA,North America,North America,1969,EFImportsPerCap,0.101397795,0.111518775,0.188685183,0.036134562,0,0.360511357,0.798247673,22850,207599000,,
United States of America,USA,North America,North America,1969,EFImportsTotGHA,21050080.81,23151186.26,39170855.32,7501499.03,0,74841797.28,165715418.7,22850,207599000,,
United States of America,USA,North America,North America,1969,EFProdPerCap,1.281950986,0.435578591,1.136275003,0.059952278,0.042688742,7.072881679,10.02932728,22850,207599000,,
United States of America,USA,North America,North America,1969,EFProdTotGHA,266131742.7,90425679.82,235889554.4,12446032.88,8862140.085,1468323164,2082078314,22850,207599000,,
United States of America,USA,North America,North America,1970,BiocapPerCap,1.207613767,0.431588901,2.421076491,0.479640501,0.040688216,0,4.580607875,23309.6,209486000,,
United States of America,USA,North America,North America,1970,BiocapTotGHA,252978177.5,90411832.51,507181629.7,100477969.9,8523611.531,0,959573221.2,23309.6,209486000,,
United States of America,USA,North America,North America,1970,EFConsPerCap,0.979988721,0.53740151,1.191892425,0.093047193,0.040688216,7.512477597,10.35549566,23309.6,209486000,,
United States of America,USA,North America,North America,1970,EFConsTotGHA,205293917.2,112578092.7,249684776.6,19492084.35,8523611.531,1573758882,2169331364,23309.6,209486000,,
United States of America,USA,North America,North America,1970,EFExportsPerCap,0.338190945,0.007884238,0.12793679,0.011472647,0,0.307555449,0.793040069,23309.6,209486000,,
United States of America,USA,North America,North America,1970,EFExportsTotGHA,70846268.39,1651637.436,26800966.38,2403358.974,0,64428560.74,166130791.9,23309.6,209486000,,
United States of America,USA,North America,North America,1970,EFImportsPerCap,0.1105659,0.113696847,0.17727537,0.033825541,0,0.377080867,0.812444524,23309.6,209486000,,
United States of America,USA,North America,North America,1970,EFImportsTotGHA,23162008.05,23817897.63,37136708.17,7085977.241,0,78993162.41,170195753.5,23309.6,209486000,,
United States of America,USA,North America,North America,1970,EFProdPerCap,1.207613767,0.431588901,1.142553845,0.0706943,0.040688216,7.442952179,10.33609121,23309.6,209486000,,
United States of America,USA,North America,North America,1970,EFProdTotGHA,252978177.5,90411832.51,239349034.8,14809466.08,8523611.531,1559194280,2165266403,23309.6,209486000,,
United States of America,USA,North America,North America,1971,BiocapPerCap,1.354699641,0.426188159,2.391988396,0.474654762,0.046197429,0,4.693728387,23775.3,211358000,,
United States of America,USA,North America,North America,1971,BiocapTotGHA,286326606.7,90078276.95,505565883.4,100322081.1,9764196.156,0,992057044.4,23775.3,211358000,,
United States of America,USA,North America,North America,1971,EFConsPerCap,1.148675454,0.517165543,1.236570357,0.090134187,0.046197429,7.632574751,10.67131772,23775.3,211358000,,
United States of America,USA,North America,North America,1971,EFConsTotGHA,242781746.7,109307074.9,261359037.5,19050581.53,9764196.156,1613205734,2255468371,23775.3,211358000,,
United States of America,USA,North America,North America,1971,EFExportsPerCap,0.311595949,0.008789051,0.109323947,0.011020348,0,0.271179789,0.711909083,23775.3,211358000,,
United States of America,USA,North America,North America,1971,EFExportsTotGHA,65858296.52,1857636.154,23106490.82,2329238.74,0,57316017.82,150467680.1,23775.3,211358000,,
United States of America,USA,North America,North America,1971,EFImportsPerCap,0.105571762,0.099766435,0.189615641,0.033569602,0,0.416082922,0.844606361,23775.3,211358000,,
United States of America,USA,North America,North America,1971,EFImportsTotGHA,22313436.45,21086434.06,40076782.59,7095203.982,0,87942454.17,178514311.3,23775.3,211358000,,
United States of America,USA,North America,North America,1971,EFProdPerCap,1.354699641,0.426188159,1.156278663,0.067584933,0.046197429,7.487671618,10.53862044,23775.3,211358000,,
United States of America,USA,North America,North America,1971,EFProdTotGHA,286326606.7,90078276.95,244388745.7,14284616.28,9764196.156,1582579298,2227421740,23775.3,211358000,,
United States of America,USA,North America,North America,1972,BiocapPerCap,1.306052469,0.423166881,2.363931378,0.472124999,0.045073167,0,4.610348894,24760.1,213220000,,
United States of America,USA,North America,North America,1972,BiocapTotGHA,278476507.5,90227642.36,504037448.4,100666492.3,9610500.619,0,983018591.1,24760.1,213220000,,
United States of America,USA,North America,North America,1972,EFConsPerCap,1.008038579,0.521885332,1.216329979,0.093078791,0.045073167,8.021837942,10.90624379,24760.1,213220000,,
United States of America,USA,North America,North America,1972,EFConsTotGHA,214933985.7,111276390.4,259345878.1,19846259.84,9610500.619,1710416286,2325429301,24760.1,213220000,,
United States of America,USA,North America,North America,1972,EFExportsPerCap,0.410907698,0.009896155,0.124877498,0.011946445,0,0.292418863,0.850046659,24760.1,213220000,,
United States of America,USA,North America,North America,1972,EFExportsTotGHA,87613739.39,2110058.203,26626380.02,2547221.053,0,62349550.04,181246948.7,24760.1,213220000,,
United States of America,USA,North America,North America,1972,EFImportsPerCap,0.112893808,0.108614606,0.208115796,0.038123654,0,0.456990625,0.924738489,24760.1,213220000,,
United States of America,USA,North America,North America,1972,EFImportsTotGHA,24071217.64,23158806.26,44374450.04,8128725.488,0,97439541.1,197172740.5,24760.1,213220000,,
United States of America,USA,North America,North America,1972,EFProdPerCap,1.306052469,0.423166881,1.13309168,0.066901582,0.045073167,7.85726618,10.83155196,24760.1,213220000,,
United States of America,USA,North America,North America,1972,EFProdTotGHA,278476507.5,90227642.36,241597808.1,14264755.4,9610500.619,1675326295,2309503509,24760.1,213220000,,
United States of America,USA,North America,North America,1973,BiocapPerCap,1.36835318,0.415878029,2.339162072,0.465147908,0.047764322,0,4.636305511,25908.9,215093000,,
United States of America,USA,North America,North America,1973,BiocapTotGHA,294323190.5,89452452.91,503137387.5,100050059,10273771.32,0,997236861.2,25908.9,215093000,,
United States of America,USA,North America,North America,1973,EFConsPerCap,0.917477861,0.504684731,1.226201482,0.094151163,0.047764322,8.322404177,11.11268374,25908.9,215093000,,
United States of America,USA,North America,North America,1973,EFConsTotGHA,197343065.6,108554152.8,263747355.4,20251256.18,10273771.32,1790090882,2390260483,25908.9,215093000,,
United States of America,USA,North America,North America,1973,EFExportsPerCap,0.564254134,0.011716702,0.129415885,0.01206212,0,0.348632815,1.066081655,25908.9,215093000,,
United States of America,USA,North America,North America,1973,EFExportsTotGHA,121367114.3,2520180.487,27836450.96,2594477.53,0,74988478.07,229306701.4,25908.9,215093000,,
United States of America,USA,North America,North America,1973,EFImportsPerCap,0.113378815,0.100523403,0.21210759,0.039430343,0,0.521109716,0.986549867,25908.9,215093000,,
United States of America,USA,North America,North America,1973,EFImportsTotGHA,24386989.45,21621880.34,45622857.92,8481190.777,0,112087052.1,212199970.6,25908.9,215093000,,
United States of America,USA,North America,North America,1973,EFProdPerCap,1.36835318,0.415878029,1.143509777,0.06678294,0.047764322,8.149927276,11.19221552,25908.9,215093000,,
United States of America,USA,North America,North America,1973,EFProdTotGHA,294323190.5,89452452.91,245960948.4,14364542.94,10273771.32,1752992308,2407367214,25908.9,215093000,,
United States of America,USA,North America,North America,1974,BiocapPerCap,1.201468892,0.412801064,2.307866706,0.46262981,0.042441965,0,4.427208438,25540.5,217002000,,
United States of America,USA,North America,North America,1974,BiocapTotGHA,260721152.5,89578656.54,500811690.9,100391594.1,9209991.353,0,960713085.4,25540.5,217002000,,
United States of America,USA,North America,North America,1974,EFConsPerCap,0.820049659,0.475561953,1.19039155,0.095395287,0.042441965,7.897888672,10.52172909,25540.5,217002000,,
United States of America,USA,North America,North America,1974,EFConsTotGHA,177952416.1,103197894.9,258317347.1,20700968.1,9209991.353,1713857638,2283236255,25540.5,217002000,,
United States of America,USA,North America,North America,1974,EFExportsPerCap,0.477274146,0.011624893,0.135809996,0.012166981,0,0.350974801,0.987850817,25540.5,217002000,,
United States of America,USA,North America,North America,1974,EFExportsTotGHA,103569444.3,2522625.138,29471040.72,2640259.22,0,76162233.7,214365603.1,25540.5,217002000,,
United States of America,USA,North America,North America,1974,EFImportsPerCap,0.095854913,0.074385782,0.195699785,0.038900882,0,0.523527282,0.928368644,25540.5,217002000,,
United States of America,USA,North America,North America,1974,EFImportsTotGHA,20800707.94,16141863.52,42467244.74,8441569.161,0,113606467.2,201457852.6,25540.5,217002000,,
United States of America,USA,North America,North America,1974,EFProdPerCap,1.201468892,0.412801064,1.130501761,0.068661386,0.042441965,7.725336191,10.58121126,25540.5,217002000,,
United States of America,USA,North America,North America,1974,EFProdTotGHA,260721152.5,89578656.54,245321143.1,14899658.16,9209991.353,1676413404,2296144006,25540.5,217002000,,
United States of America,USA,North America,North America,1975,BiocapPerCap,1.363920297,0.40888777,2.280634843,0.458244147,0.048616102,0,4.56030316,25239.9,218964000,,
United States of America,USA,North America,North America,1975,BiocapTotGHA,298649444,89531701.67,499376927.8,100338971.3,10645176.23,0,998542221,25239.9,218964000,,
United States of America,USA,North America,North America,1975,EFConsPerCap,0.963888181,0.472984902,1.041062895,0.096151738,0.048616102,7.406177903,10.02888172,25239.9,218964000,,
United States of America,USA,North America,North America,1975,EFConsTotGHA,211056811.7,103566666.1,227955295.8,21053769.11,10645176.23,1621686338,2195964057,25239.9,218964000,,
United States of America,USA,North America,North America,1975,EFExportsPerCap,0.495265363,0.013019043,0.125568021,0.012665628,0,0.322643219,0.969161274,25239.9,218964000,,
United States of America,USA,North America,North America,1975,EFExportsTotGHA,108445285,2850701.632,27494876.18,2773316.533,0,70647249.86,212211429.2,25239.9,218964000,,
United States of America,USA,North America,North America,1975,EFImportsPerCap,0.095233247,0.077116175,0.152181996,0.037786882,0,0.481669511,0.84398781,25239.9,218964000,,
United States of America,USA,North America,North America,1975,EFImportsTotGHA,20852652.68,16885666.11,33322378.54,8273966.738,0,105468282.8,184802946.9,25239.9,218964000,,
United States of America,USA,North America,North America,1975,EFProdPerCap,1.363920297,0.40888777,1.01444892,0.071030484,0.048616102,7.247151611,10.15405519,25239.9,218964000,,
United States of America,USA,North America,North America,1975,EFProdTotGHA,298649444,89531701.67,222127793.4,15553118.9,10645176.23,1586865305,2223372540,25239.9,218964000,,
United States of America,USA,North America,North America,1976,BiocapPerCap,1.336886421,0.40462005,2.252076121,0.453461275,0.048094249,0,4.495138116,26347.8,220993000,,
United States of America,USA,North America,North America,1976,BiocapTotGHA,295442540.8,89418198.68,497693058.3,100211767.5,10628492.37,0,993394057.6,26347.8,220993000,,
United States of America,USA,North America,North America,1976,EFConsPerCap,0.927745282,0.486700894,1.154696656,0.102974469,0.048094249,7.892318907,10.61253046,26347.8,220993000,,
United States of America,USA,North America,North America,1976,EFConsTotGHA,205025213.1,107557490.6,255179878.1,22756636.82,10628492.37,1744147232,2345294943,26347.8,220993000,,
United States of America,USA,North America,North America,1976,EFExportsPerCap,0.523241702,0.015403139,0.135484024,0.013078463,0,0.341928896,1.029136224,26347.8,220993000,,
United States of America,USA,North America,North America,1976,EFExportsTotGHA,115632753.3,3403985.892,29941021.02,2890248.869,0,75563892.47,227431901.6,26347.8,220993000,,
United States of America,USA,North America,North America,1976,EFImportsPerCap,0.114100563,0.097483983,0.184305446,0.037064105,0,0.537038297,0.969992394,26347.8,220993000,,
United States of America,USA,North America,North America,1976,EFImportsTotGHA,25215425.69,21543277.81,40730213.42,8190907.774,0,118681704.4,214361529.1,26347.8,220993000,,
United States of America,USA,North America,North America,1976,EFProdPerCap,1.336886421,0.40462005,1.105875234,0.078988827,0.048094249,7.697209506,10.67167429,26347.8,220993000,,
United States of America,USA,North America,North America,1976,EFProdTotGHA,295442540.8,89418198.68,244390685.7,17455977.91,10628492.37,1701029420,2358365316,26347.8,220993000,,
United States of America,USA,North America,North America,1977,BiocapPerCap,1.411814818,0.40282644,2.224205833,0.45126748,0.051251682,0,4.541366252,27286.3,223091000,,
United States of America,USA,North America,North America,1977,BiocapTotGHA,314963179.5,89866953.23,496200303.5,100673713.3,11433788.94,0,1013137938,27286.3,223091000,,
United States of America,USA,North America,North America,1977,EFConsPerCap,0.995989054,0.47645766,1.184326306,0.092975333,0.051251682,8.160206312,10.96120635,27286.3,223091000,,
United States of America,USA,North America,North America,1977,EFConsTotGHA,222196194.2,106293415.9,264212539.8,20741960.08,11433788.94,1820468586,2445346485,27286.3,223091000,,
United States of America,USA,North America,North America,1977,EFExportsPerCap,0.514485618,0.016317985,0.129555442,0.012578646,0,0.345325675,1.018263366,27286.3,223091000,,
United States of America,USA,North America,North America,1977,EFExportsTotGHA,114777111.1,3640395.668,28902653.03,2806182.72,0,77039050.15,227165392.7,27286.3,223091000,,
United States of America,USA,North America,North America,1977,EFImportsPerCap,0.098659855,0.089949206,0.203097081,0.034139609,0,0.599813427,1.025659179,27286.3,223091000,,
United States of America,USA,North America,North America,1977,EFImportsTotGHA,22010125.69,20066858.31,45309130.91,7616239.604,0,133812977.3,228815331.8,27286.3,223091000,,
United States of America,USA,North America,North America,1977,EFProdPerCap,1.411814818,0.40282644,1.110784666,0.07141437,0.051251682,7.905718559,10.95381053,27286.3,223091000,,
United States of America,USA,North America,North America,1977,EFProdTotGHA,314963179.5,89866953.23,247806061.9,15931903.2,11433788.94,1763694659,2443696546,27286.3,223091000,,
United States of America,USA,North America,North America,1978,BiocapPerCap,1.424315335,0.393154128,2.194976718,0.447632192,0.051561233,0,4.511639606,28500.2,225239000,,
United States of America,USA,North America,North America,1978,BiocapTotGHA,320811361.8,88553642.53,494394361,100824227.3,11613600.65,0,1016197193,28500.2,225239000,,
United States of America,USA,North America,North America,1978,EFConsPerCap,0.89051536,0.478899033,1.309084904,0.09741476,0.051561233,8.00921249,10.83668778,28500.2,225239000,,
United States of America,USA,North America,North America,1978,EFConsTotGHA,200578789.3,107866739.3,294856974.6,21941603.09,11613600.65,1803987012,2440844719,28500.2,225239000,,
United States of America,USA,North America,North America,1978,EFExportsPerCap,0.644207982,0.01869783,0.120504636,0.015443012,0,0.420661486,1.219514946,28500.2,225239000,,
United States of America,USA,North America,North America,1978,EFExportsTotGHA,145100761.7,4211480.506,27142343.64,3478368.669,0,94749372.53,274682327,28500.2,225239000,,
United States of America,USA,North America,North America,1978,EFImportsPerCap,0.110408007,0.104442736,0.226549344,0.034040851,0,0.686714226,1.162155164,28500.2,225239000,,
United States of America,USA,North America,North America,1978,EFImportsTotGHA,24868189.17,23524577.33,51027747.71,7667327.24,0,154674825.6,261762667,28500.2,225239000,,
United States of America,USA,North America,North America,1978,EFProdPerCap,1.424315335,0.393154128,1.203040195,0.078816921,0.051561233,7.74315975,10.89404756,28500.2,225239000,,
United States of America,USA,North America,North America,1978,EFProdTotGHA,320811361.8,88553642.53,270971570.5,17752644.52,11613600.65,1744061559,2453764379,28500.2,225239000,,
United States of America,USA,North America,North America,1979,BiocapPerCap,1.547617429,0.390059167,2.16463176,0.444108373,0.056565173,0,4.602981901,29082.6,227412000,,
United States of America,USA,North America,North America,1979,BiocapTotGHA,351946774.7,88704135.25,492263237.7,100995573.3,12863599.18,0,1046773320,29082.6,227412000,,
United States of America,USA,North America,North America,1979,EFConsPerCap,0.98725403,0.471575332,1.306642937,0.099737066,0.056565173,8.012915514,10.93469005,29082.6,227412000,,
United States of America,USA,North America,North America,1979,EFConsTotGHA,224513413.5,107241889.5,297146283.7,22681405.67,12863599.18,1822233143,2486679734,29082.6,227412000,,
United States of America,USA,North America,North America,1979,EFExportsPerCap,0.670924781,0.01754401,0.145712306,0.015853824,0,0.470487884,1.320522806,29082.6,227412000,,
United States of America,USA,North America,North America,1979,EFExportsTotGHA,152576346.3,3989718.479,33136726.85,3605349.923,0,106994590.7,300302732.2,29082.6,227412000,,
United States of America,USA,North America,North America,1979,EFImportsPerCap,0.110561382,0.099060176,0.221185955,0.034840318,0,0.687802422,1.153450254,29082.6,227412000,,
United States of America,USA,North America,North America,1979,EFImportsTotGHA,25142985.02,22527472.7,50300340.44,7923106.492,0,156414524.5,262308429.1,29082.6,227412000,,
United States of America,USA,North America,North America,1979,EFProdPerCap,1.547617429,0.390059167,1.231169288,0.080750572,0.056565173,7.795600976,11.1017626,29082.6,227412000,,
United States of America,USA,North America,North America,1979,EFProdTotGHA,351946774.7,88704135.25,279982670.1,18363649.1,12863599.18,1772813209,2524674037,29082.6,227412000,,
United States of America,USA,North America,North America,1980,BiocapPerCap,1.385928617,0.386339982,2.123495995,0.439873832,0.051140326,0,4.386778753,28734.4,229588000,,
United States of America,USA,North America,North America,1980,BiocapTotGHA,318192579.4,88699023.7,487529198.6,100989753.4,11741205.1,0,1007151760,28734.4,229588000,,
United States of America,USA,North America,North America,1980,EFConsPerCap,0.72818436,0.456226699,1.183390192,0.09707471,0.051140326,7.351536352,9.867552638,28734.4,229588000,,
United States of America,USA,North America,North America,1980,EFConsTotGHA,167182390.8,104744175.3,271692187.4,22287188.48,11741205.1,1687824528,2265471675,28734.4,229588000,,
United States of America,USA,North America,North America,1980,EFExportsPerCap,0.757657375,0.018142045,0.163098896,0.020473966,0,0.501990588,1.461362871,28734.4,229588000,,
United States of America,USA,North America,North America,1980,EFExportsTotGHA,173949041.5,4165195.903,37445549.3,4700576.976,0,115251015.2,335511378.9,28734.4,229588000,,
United States of America,USA,North America,North America,1980,EFImportsPerCap,0.099913118,0.088028762,0.204583595,0.031391228,0,0.608261647,1.03217835,28734.4,229588000,,
United States of America,USA,North America,North America,1980,EFImportsTotGHA,22938852.95,20210347.46,46969938.35,7207049.307,0,139649574.9,236975763,28734.4,229588000,,
United States of America,USA,North America,North America,1980,EFProdPerCap,1.385928617,0.386339982,1.141905493,0.086157448,0.051140326,7.245265294,10.29673716,28734.4,229588000,,
United States of America,USA,North America,North America,1980,EFProdTotGHA,318192579.4,88699023.7,262167798.3,19780716.15,11741205.1,1663425968,2364007291,28734.4,229588000,,
United States of America,USA,North America,North America,1981,BiocapPerCap,1.591362494,0.383443769,2.094376153,0.436576302,0.059277681,0,4.565036399,29192,231766000,,
United States of America,USA,North America,North America,1981,BiocapTotGHA,368823719.7,88869228.62,485405183.5,101183543.1,13738551.1,0,1058020226,29192,231766000,,
United States of America,USA,North America,North America,1981,EFConsPerCap,0.932735022,0.448433441,1.158572438,0.103656835,0.059277681,7.05722642,9.759901838,29192,231766000,,
United States of America,USA,North America,North America,1981,EFConsTotGHA,216176265,103931624.9,268517699.7,24024130.11,13738551.1,1635625139,2262013409,29192,231766000,,
United States of America,USA,North America,North America,1981,EFExportsPerCap,0.756541232,0.017344887,0.145398068,0.020965012,0,0.454510826,1.394760024,29192,231766000,,
United States of America,USA,North America,North America,1981,EFExportsTotGHA,175340535.1,4019955.083,33698328.58,4858977.047,0,105340156,323257951.8,29192,231766000,,
United States of America,USA,North America,North America,1981,EFImportsPerCap,0.097913759,0.082334559,0.194247874,0.033244702,0,0.5979651,1.005705994,29192,231766000,,
United States of America,USA,North America,North America,1981,EFImportsTotGHA,22693080.36,19082351.37,45020052.66,7704991.515,0,138587979.4,233088455.3,29192,231766000,,
United States of America,USA,North America,North America,1981,EFProdPerCap,1.591362494,0.383443769,1.109722632,0.091377146,0.059277681,6.913772146,10.14895587,29192,231766000,,
United States of America,USA,North America,North America,1981,EFProdTotGHA,368823719.7,88869228.62,257195975.6,21178115.64,13738551.1,1602377315,2352182906,29192,231766000,,
United States of America,USA,North America,North America,1982,BiocapPerCap,1.623013328,0.383538595,2.068253706,0.430144214,0.061285356,0,4.566235198,28362.5,233954000,,
United States of America,USA,North America,North America,1982,BiocapTotGHA,379710460.1,89730388.37,483876227.6,100633959.4,14337954.1,0,1068288990,28362.5,233954000,,
United States of America,USA,North America,North America,1982,EFConsPerCap,1.005536849,0.454111148,1.11315277,0.103618576,0.061285356,6.559882446,9.297587145,28362.5,233954000,,
United States of America,USA,North America,North America,1982,EFConsTotGHA,235249367.9,106241119.6,260426543.3,24241980.36,14337954.1,1534710738,2175207703,28362.5,233954000,,
United States of America,USA,North America,North America,1982,EFExportsPerCap,0.724013569,0.016821045,0.142293445,0.021438145,0,0.426927043,1.331493246,28362.5,233954000,,
United States of America,USA,North America,North America,1982,EFExportsTotGHA,169385870.5,3935350.658,33290120.6,5015539.763,0,99881289.45,311508171,28362.5,233954000,,
United States of America,USA,North America,North America,1982,EFImportsPerCap,0.10653709,0.087393598,0.183161671,0.032590449,0,0.547219223,0.956902031,28362.5,233954000,,
United States of America,USA,North America,North America,1982,EFImportsTotGHA,24924778.3,20446081.9,42851405.56,7624665.966,0,128024126.1,223871057.8,28362.5,233954000,,
United States of America,USA,North America,North America,1982,EFProdPerCap,1.623013328,0.383538595,1.072284544,0.092466272,0.061285356,6.439590266,9.67217836,28362.5,233954000,,
United States of America,USA,North America,North America,1982,EFProdTotGHA,379710460.1,89730388.37,250865258.3,21632854.16,14337954.1,1506567901,2262844816,28362.5,233954000,,
United States of America,USA,North America,North America,1983,BiocapPerCap,1.186744276,0.379006952,2.045323507,0.425061909,0.045234665,0,4.081371308,29406.3,236162000,,
United States of America,USA,North America,North America,1983,BiocapTotGHA,280263901.7,89507039.7,483027690,100383470.5,10682708.94,0,963864810.8,29406.3,236162000,,
United States of America,USA,North America,North America,1983,EFConsPerCap,0.565654678,0.448889074,1.242416957,0.106750573,0.045234665,6.478242332,8.887188279,29406.3,236162000,,
United States of America,USA,North America,North America,1983,EFConsTotGHA,133586140.2,106010541.5,293411673.3,25210428.83,10682708.94,1529914666,2098816158,29406.3,236162000,,
United States of America,USA,North America,North America,1983,EFExportsPerCap,0.730923588,0.015857184,0.152538423,0.029455787,0,0.366017966,1.294792948,29406.3,236162000,,
United States of America,USA,North America,North America,1983,EFExportsTotGHA,172616376.4,3744864.333,36023778.98,6956337.51,0,86439534.85,305780892.1,29406.3,236162000,,
United States of America,USA,North America,North America,1983,EFImportsPerCap,0.109833991,0.085739307,0.214921723,0.034018188,0,0.584691413,1.029204622,29406.3,236162000,,
United States of America,USA,North America,North America,1983,EFImportsTotGHA,25938614.91,20248366.13,50756343.96,8033803.35,0,138081893.5,243059021.8,29406.3,236162000,,
United States of America,USA,North America,North America,1983,EFProdPerCap,1.186744276,0.379006952,1.180033656,0.102188172,0.045234665,6.259568885,9.152776605,29406.3,236162000,,
United States of America,USA,North America,North America,1983,EFProdTotGHA,280263901.7,89507039.7,278679108.3,24132963,10682708.94,1478272307,2161538029,29406.3,236162000,,
United States of America,USA,North America,North America,1984,BiocapPerCap,1.522473667,0.373014815,2.020676714,0.418341639,0.058582542,0,4.393089377,31269,238404000,,
United States of America,USA,North America,North America,1984,BiocapTotGHA,362963812.1,88928223.89,481737411.3,99734320.04,13966312.43,0,1047330080,31269,238404000,,
United States of America,USA,North America,North America,1984,EFConsPerCap,0.918397685,0.435938711,1.350797071,0.110253349,0.058582542,6.82283044,9.696799799,31269,238404000,,
United States of America,USA,North America,North America,1984,EFConsTotGHA,218949681.7,103929532.5,322035425,26284839.34,13966312.43,1626590068,2311755859,31269,238404000,,
United States of America,USA,North America,North America,1984,EFExportsPerCap,0.719683512,0.017790135,0.147883971,0.030917355,0,0.377089811,1.293364785,31269,238404000,,
United States of America,USA,North America,North America,1984,EFExportsTotGHA,171575428,4241239.38,35256130.27,7370821.103,0,89899719.36,308343338.1,31269,238404000,,
United States of America,USA,North America,North America,1984,EFImportsPerCap,0.11560753,0.080714032,0.245451163,0.0329775,0,0.685456027,1.160206252,31269,238404000,,
United States of America,USA,North America,North America,1984,EFImportsTotGHA,27561297.56,19242548.01,58516539.15,7861967.994,0,163415458.7,276597811.4,31269,238404000,,
United States of America,USA,North America,North America,1984,EFProdPerCap,1.522473667,0.373014815,1.253229879,0.108193203,0.058582542,6.514464225,9.829958331,31269,238404000,,
United States of America,USA,North America,North America,1984,EFProdTotGHA,362963812.1,88928223.89,298775016.1,25793692.45,13966312.43,1553074329,2343501386,31269,238404000,,
United States of America,USA,North America,North America,1985,BiocapPerCap,1.614063274,0.367533804,1.995012851,0.412194604,0.062702658,0,4.451507191,32306.8,240692000,,
United States of America,USA,North America,North America,1985,BiocapTotGHA,388492117.5,88462446.33,480183633,99211943.6,15092028.27,0,1071442169,32306.8,240692000,,
United States of America,USA,North America,North America,1985,EFConsPerCap,1.157015268,0.435457422,1.328354304,0.106855598,0.062702658,6.849718875,9.940104125,32306.8,240692000,,
United States of America,USA,North America,North America,1985,EFConsTotGHA,278484318.9,104811117.8,319724254.1,25719287.61,15092028.27,1648672535,2392503542,32306.8,240692000,,
United States of America,USA,North America,North America,1985,EFExportsPerCap,0.582532516,0.018425277,0.150183218,0.035819495,0,0.34178316,1.128743666,32306.8,240692000,,
United States of America,USA,North America,North America,1985,EFExportsTotGHA,140210916.3,4434816.733,36147899.05,8621466.007,0,82264472.26,271679570.4,32306.8,240692000,,
United States of America,USA,North America,North America,1985,EFImportsPerCap,0.12548451,0.086348895,0.255824837,0.040383591,0,0.683514027,1.191555859,32306.8,240692000,,
United States of America,USA,North America,North America,1985,EFImportsTotGHA,30203117.75,20783488.19,61574991.57,9720007.183,0,164516358.2,286797962.9,32306.8,240692000,,
United States of America,USA,North America,North America,1985,EFProdPerCap,1.614063274,0.367533804,1.222712685,0.102291503,0.062702658,6.507988007,9.877291931,32306.8,240692000,,
United States of America,USA,North America,North America,1985,EFProdTotGHA,388492117.5,88462446.33,294297161.5,24620746.43,15092028.27,1566420649,2377385150,32306.8,240692000,,
United States of America,USA,North America,North America,1986,BiocapPerCap,1.474648791,0.361477845,1.966285182,0.405402757,0.057843783,0,4.265658358,33133.7,243032000,,
United States of America,USA,North America,North America,1986,BiocapTotGHA,358386845,87850683.68,477870220.3,98525842.73,14057890.28,0,1036691482,33133.7,243032000,,
United States of America,USA,North America,North America,1986,EFConsPerCap,1.02487668,0.431902458,1.407256435,0.105104671,0.057843783,6.79417996,9.821163987,33133.7,243032000,,
United States of America,USA,North America,North America,1986,EFConsTotGHA,249077829.3,104966118.2,342008345.9,25543798.44,14057890.28,1651203144,2386857126,33133.7,243032000,,
United States of America,USA,North America,North America,1986,EFExportsPerCap,0.58419047,0.023074876,0.165098177,0.045364116,0,0.341639029,1.159366667,33133.7,243032000,,
United States of America,USA,North America,North America,1986,EFExportsTotGHA,141976978.3,5607933.159,40124140.1,11024931.73,0,83029216.56,281763199.9,33133.7,243032000,,
United States of America,USA,North America,North America,1986,EFImportsPerCap,0.134418359,0.093499488,0.259188931,0.039071194,0,0.730176813,1.256354786,33133.7,243032000,,
United States of America,USA,North America,North America,1986,EFImportsTotGHA,32667962.59,22723367.66,62991204.34,9495550.54,0,177456331.2,305334416.3,33133.7,243032000,,
United States of America,USA,North America,North America,1986,EFProdPerCap,1.474648791,0.361477845,1.31316568,0.111397592,0.057843783,6.405642176,9.724175868,33133.7,243032000,,
United States of America,USA,North America,North America,1986,EFProdTotGHA,358386845,87850683.68,319141281.7,27073179.63,14057890.28,1556776029,2363285910,33133.7,243032000,,
United States of America,USA,North America,North America,1987,BiocapPerCap,1.418419699,0.353932749,1.942972394,0.400994787,0.056790523,0,4.173110153,33975.7,245425000,,
United States of America,USA,North America,North America,1987,BiocapTotGHA,348115654.7,86863944.9,476853999.8,98414145.71,13937814.2,0,1024185559,33975.7,245425000,,
United States of America,USA,North America,North America,1987,EFConsPerCap,0.87878972,0.426902771,1.42587564,0.124230048,0.056790523,6.9303265,9.842915202,33975.7,245425000,,
United States of America,USA,North America,North America,1987,EFConsTotGHA,215676967,104772612.5,349945529,30489159.44,13937814.2,1700875381,2415697463,33975.7,245425000,,
United States of America,USA,North America,North America,1987,EFExportsPerCap,0.677152411,0.025077823,0.18403866,0.052918027,0,0.381192652,1.320379573,33975.7,245425000,,
United States of America,USA,North America,North America,1987,EFExportsTotGHA,166190130.5,6154724.615,45167688.05,12987406.86,0,93554206.6,324054156.7,33975.7,245425000,,
United States of America,USA,North America,North America,1987,EFImportsPerCap,0.137522432,0.098047844,0.273904144,0.042911321,0,0.728886122,1.281271862,33975.7,245425000,,
United States of America,USA,North America,North America,1987,EFImportsTotGHA,33751442.82,24063392.18,67222924.43,10531510.84,0,178886876.5,314456146.7,33975.7,245425000,,
United States of America,USA,North America,North America,1987,EFProdPerCap,1.418419699,0.353932749,1.336010156,0.134236754,0.056790523,6.58263303,9.882022913,33975.7,245425000,,
United States of America,USA,North America,North America,1987,EFProdTotGHA,348115654.7,86863944.9,327890292.6,32945055.46,13937814.2,1615542711,2425295473,33975.7,245425000,,
United States of America,USA,North America,North America,1988,BiocapPerCap,1.118618329,0.349762477,1.92925642,0.396269999,0.045232332,0,3.839139557,35084,247865000,,
United States of America,USA,North America,North America,1988,BiocapTotGHA,277266332.1,86693876.3,478195142.6,98221463.29,11211511.96,0,951588326.2,35084,247865000,,
United States of America,USA,North America,North America,1988,EFConsPerCap,0.525863136,0.419805124,1.371714859,0.116407063,0.045232332,7.200000577,9.679023091,35084,247865000,,
United States of America,USA,North America,North America,1988,EFConsTotGHA,130343066.2,104054997.1,340000103.5,28853236.61,11211511.96,1784628143,2399091058,35084,247865000,,
United States of America,USA,North America,North America,1988,EFExportsPerCap,0.729350239,0.02968601,0.21309465,0.055120054,0,0.423478434,1.450729387,35084,247865000,,
United States of America,USA,North America,North America,1988,EFExportsTotGHA,180780397,7358122.973,52818705.34,13662332.08,0,104965482.1,359585039.5,35084,247865000,,
United States of America,USA,North America,North America,1988,EFImportsPerCap,0.136595046,0.099728658,0.264038931,0.03929922,0,0.746921256,1.286583111,35084,247865000,,
United States of America,USA,North America,North America,1988,EFImportsTotGHA,33857131.1,24719243.82,65446009.66,9740901.092,0,185135637,318898922.7,35084,247865000,,
United States of America,USA,North America,North America,1988,EFProdPerCap,1.118618329,0.349762477,1.320770577,0.132227897,0.045232332,6.876557755,9.843169367,35084,247865000,,
United States of America,USA,North America,North America,1988,EFProdTotGHA,277266332.1,86693876.3,327372799.2,32774667.6,11211511.96,1704457988,2439777175,35084,247865000,,
United States of America,USA,North America,North America,1989,BiocapPerCap,1.349106009,0.345917627,1.925808865,0.391916704,0.055096604,0,4.067845809,36033.3,250341000,,
United States of America,USA,North America,North America,1989,BiocapTotGHA,337736547.4,86597364.76,482108917.1,98112819.5,13792939,0,1018348588,36033.3,250341000,,
United States of America,USA,North America,North America,1989,EFConsPerCap,0.757258829,0.403782738,1.360658988,0.132859647,0.055096604,7.205891974,9.91554878,36033.3,250341000,,
United States of America,USA,North America,North America,1989,EFConsTotGHA,189572932.5,101083374.5,340628731.7,33260216.88,13792939,1803930203,2482268397,36033.3,250341000,,
United States of America,USA,North America,North America,1989,EFExportsPerCap,0.733983356,0.03765192,0.222340735,0.04160919,0,0.530514585,1.566099786,36033.3,250341000,,
United States of America,USA,North America,North America,1989,EFExportsTotGHA,183746127.4,9425819.421,55661001.83,10416486.13,0,132809551.8,392058986.6,36033.3,250341000,,
United States of America,USA,North America,North America,1989,EFImportsPerCap,0.142136176,0.095517032,0.268475338,0.037181522,0,0.809030188,1.352340256,36033.3,250341000,,
United States of America,USA,North America,North America,1989,EFImportsTotGHA,35582512.42,23911829.19,67210384.53,9308059.45,0,202533426.4,338546211.9,36033.3,250341000,,
United States of America,USA,North America,North America,1989,EFProdPerCap,1.349106009,0.345917627,1.314524385,0.137287314,0.055096604,6.927376371,10.12930831,36033.3,250341000,,
United States of America,USA,North America,North America,1989,EFProdTotGHA,337736547.4,86597364.76,329079349,34368643.56,13792939,1734206328,2535781172,36033.3,250341000,,
United States of America,USA,North America,North America,1990,BiocapPerCap,1.472547833,0.343130154,1.921541886,0.388767238,0.060737974,0,4.186725085,36312.4,252848000,,
United States of America,USA,North America,North America,1990,BiocapTotGHA,372330774.6,86759773.15,485858022.7,98299018.57,15357475.24,0,1058605064,36312.4,252848000,,
United States of America,USA,North America,North America,1990,EFConsPerCap,0.943344462,0.410517711,1.356405035,0.132675463,0.060737974,6.983550255,9.8872309,36312.4,252848000,,
United States of America,USA,North America,North America,1990,EFConsTotGHA,238522760.5,103798582.1,342964300.4,33546725.47,15357475.24,1765776715,2499966559,36312.4,252848000,,
United States of America,USA,North America,North America,1990,EFExportsPerCap,0.689346965,0.035391395,0.219750481,0.037932497,0,0.522072212,1.50449355,36312.4,252848000,,
United States of America,USA,North America,North America,1990,EFExportsTotGHA,174300001.4,8948643.366,55563469.74,9591156.031,0,132004914.6,380408185.1,36312.4,252848000,,
United States of America,USA,North America,North America,1990,EFImportsPerCap,0.160143594,0.102778952,0.248869477,0.034282894,0,0.839725283,1.3858002,36312.4,252848000,,
United States of America,USA,North America,North America,1990,EFImportsTotGHA,40491987.38,25987452.36,62926149.61,8668361.214,0,212322858.3,350396808.9,36312.4,252848000,,
United States of America,USA,North America,North America,1990,EFProdPerCap,1.472547833,0.343130154,1.32728604,0.136325066,0.060737974,6.665897184,10.00592425,36312.4,252848000,,
United States of America,USA,North America,North America,1990,EFProdTotGHA,372330774.6,86759773.15,335601620.5,34469520.28,15357475.24,1685458771,2529977935,36312.4,252848000,,
United States of America,USA,North America,North America,1991,BiocapPerCap,1.346774205,0.33923394,1.904998493,0.384352819,0.05610372,0,4.031463177,35803.9,255367000,,
United States of America,USA,North America,North America,1991,BiocapTotGHA,343921688.3,86629153.62,486473750.2,98151026.35,14327038.69,0,1029502657,35803.9,255367000,,
United States of America,USA,North America,North America,1991,EFConsPerCap,0.798105472,0.405535968,1.241414123,0.117104711,0.05610372,6.863488089,9.481752083,35803.9,255367000,,
United States of America,USA,North America,North America,1991,EFConsTotGHA,203809800.1,103560503.5,317016200.3,29904678.67,14327038.69,1752708363,2421326584,35803.9,255367000,,
United States of America,USA,North America,North America,1991,EFExportsPerCap,0.700838224,0.036373077,0.22672299,0.032811626,0,0.545482643,1.54222856,35803.9,255367000,,
United States of America,USA,North America,North America,1991,EFExportsTotGHA,178970954.7,9288483.658,57897569.77,8379006.434,0,139298266.2,393834280.7,35803.9,255367000,,
United States of America,USA,North America,North America,1991,EFImportsPerCap,0.152169492,0.102675105,0.229620731,0.034812247,0,0.818005921,1.337283496,35803.9,255367000,,
United States of America,USA,North America,North America,1991,EFImportsTotGHA,38859066.54,26219833.56,58637557.1,8889899.193,0,208891718.1,341498074.5,35803.9,255367000,,
United States of America,USA,North America,North America,1991,EFProdPerCap,1.346774205,0.33923394,1.238516382,0.115104089,0.05610372,6.590964811,9.686697148,35803.9,255367000,,
United States of America,USA,North America,North America,1991,EFProdTotGHA,343921688.3,86629153.62,316276213,29393785.91,14327038.69,1683114911,2473662790,35803.9,255367000,,
United States of America,USA,North America,North America,1992,BiocapPerCap,1.521749395,0.338845302,1.911779247,0.384072741,0.064571568,0,4.221018252,36566.2,257908000,,
United States of America,USA,North America,North America,1992,BiocapTotGHA,392471342.9,87390914.25,493063161.9,99055432.47,16653523.87,0,1088634375,36566.2,257908000,,
United States of America,USA,North America,North America,1992,EFConsPerCap,0.961144074,0.411325398,1.260915918,0.120695185,0.064571568,7.013700248,9.832352392,36566.2,257908000,,
United States of America,USA,North America,North America,1992,EFConsTotGHA,247886745.8,106084110.8,325200302.7,31128253.84,16653523.87,1808889404,2535842341,36566.2,257908000,,
United States of America,USA,North America,North America,1992,EFExportsPerCap,0.725197977,0.038296737,0.234932952,0.031609636,0,0.545331117,1.575368418,36566.2,257908000,,
United States of America,USA,North America,North America,1992,EFExportsTotGHA,187034359.9,9877034.828,60591087.75,8152377.934,0,140645257.6,406300118,36566.2,257908000,,
United States of America,USA,North America,North America,1992,EFImportsPerCap,0.164592656,0.110776833,0.245808129,0.033189163,0,0.864438226,1.418805008,36566.2,257908000,,
United States of America,USA,North America,North America,1992,EFImportsTotGHA,42449762.84,28570231.37,63395882.85,8559750.716,0,222945534.1,365921161.9,36566.2,257908000,,
United States of America,USA,North America,North America,1992,EFProdPerCap,1.521749395,0.338845302,1.250040741,0.119115658,0.064571568,6.694593138,9.988915802,36566.2,257908000,,
United States of America,USA,North America,North America,1992,EFProdTotGHA,392471342.9,87390914.25,322395507.6,30720881.06,16653523.87,1726589127,2576221297,36566.2,257908000,,
United States of America,USA,North America,North America,1993,BiocapPerCap,1.254286242,0.333446488,1.897681287,0.380000075,0.054116743,0,3.919530835,37078.1,260527000,,
United States of America,USA,North America,North America,1993,BiocapTotGHA,326775431.7,86871813.21,494397212.6,99000279.63,14098872.67,0,1021143610,37078.1,260527000,,
United States of America,USA,North America,North America,1993,EFConsPerCap,0.702445538,0.408732626,1.276314557,0.136492871,0.054116743,7.12501613,9.703118464,37078.1,260527000,,
United States of America,USA,North America,North America,1993,EFConsTotGHA,183006028.6,106485884.8,332514402.6,35560078.08,14098872.67,1856259077,2527924344,37078.1,260527000,,
United States of America,USA,North America,North America,1993,EFExportsPerCap,0.720285897,0.034939911,0.208572918,0.031253484,0,0.552518798,1.547571008,37078.1,260527000,,
United States of America,USA,North America,North America,1993,EFExportsTotGHA,187653923.8,9102790.322,54338876.59,8142376.432,0,143946064.9,403184032,37078.1,260527000,,
United States of America,USA,North America,North America,1993,EFImportsPerCap,0.168445193,0.110226049,0.266234743,0.039612457,0,0.899644377,1.484162818,37078.1,260527000,,
United States of America,USA,North America,North America,1993,EFImportsTotGHA,43884520.67,28716861.88,69361338.98,10320114.57,0,234381650.5,386664486.6,37078.1,260527000,,
United States of America,USA,North America,North America,1993,EFProdPerCap,1.254286242,0.333446488,1.218652732,0.128133898,0.054116743,6.777890551,9.766526653,37078.1,260527000,,
United States of America,USA,North America,North America,1993,EFProdTotGHA,326775431.7,86871813.21,317491940.2,33382339.95,14098872.67,1765823492,2544443889,37078.1,260527000,,
United States of America,USA,North America,North America,1994,BiocapPerCap,1.5371089,0.327937339,1.88037452,0.375305624,0.0673194,0,4.188045783,38105,263301000,,
United States of America,USA,North America,North America,1994,BiocapTotGHA,404722310.4,86346229.21,495104491.5,98818346.19,17725265.36,0,1102716643,38105,263301000,,
United States of America,USA,North America,North America,1994,EFConsPerCap,1.022212902,0.392133506,1.297498219,0.141637152,0.0673194,7.273264575,10.19406575,38105,263301000,,
United States of America,USA,North America,North America,1994,EFConsTotGHA,269149679.3,103249144.2,341632578.7,37293203.7,17725265.36,1915057836,2684107707,38105,263301000,,
United States of America,USA,North America,North America,1994,EFExportsPerCap,0.689593477,0.038149979,0.213074424,0.032457178,0,0.571741141,1.545016198,38105,263301000,,
United States of America,USA,North America,North America,1994,EFExportsTotGHA,181570652,10044927.51,56102708.91,8546007.434,0,150540014.2,406804310,38105,263301000,,
United States of America,USA,North America,North America,1994,EFImportsPerCap,0.174697479,0.102346146,0.288288193,0.037161004,0,1.018832412,1.621325235,38105,263301000,,
United States of America,USA,North America,North America,1994,EFImportsTotGHA,45998020.85,26947842.51,75906569.61,9784529.604,0,268259593,426896555.6,38105,263301000,,
United States of America,USA,North America,North America,1994,EFProdPerCap,1.5371089,0.327937339,1.22228445,0.136933325,0.0673194,6.826173303,10.11775672,38105,263301000,,
United States of America,USA,North America,North America,1994,EFProdTotGHA,404722310.4,86346229.21,321828718,36054681.53,17725265.36,1797338257,2664015461,38105,263301000,,
United States of America,USA,North America,North America,1995,BiocapPerCap,1.287272324,0.322064564,1.859184097,0.370034486,0.057010229,0,3.8955657,38677.7,266276000,,
United States of America,USA,North America,North America,1995,BiocapTotGHA,342769725.3,85758063.79,495056104.6,98531302.72,15180455.78,0,1037295652,38677.7,266276000,,
United States of America,USA,North America,North America,1995,EFConsPerCap,0.646881083,0.375852751,1.262303431,0.13088554,0.057010229,7.213941765,9.686874799,38677.7,266276000,,
United States of America,USA,North America,North America,1995,EFConsTotGHA,172248907.2,100080567,336121108.5,34851678.09,15180455.78,1920899558,2579382274,38677.7,266276000,,
United States of America,USA,North America,North America,1995,EFExportsPerCap,0.793876319,0.041276031,0.238700449,0.03162461,0,0.627476994,1.732954403,38677.7,266276000,,
United States of America,USA,North America,North America,1995,EFExportsTotGHA,211390210.7,10990816.51,63560200.73,8420874.539,0,167082064.1,461444166.6,38677.7,266276000,,
United States of America,USA,North America,North America,1995,EFImportsPerCap,0.153485078,0.095064218,0.300039041,0.034790077,0,1.014138498,1.597516913,38677.7,266276000,,
United States of America,USA,North America,North America,1995,EFImportsTotGHA,40869392.59,25313319.72,79893195.78,9263762.601,0,270040742.7,425380413.4,38677.7,266276000,,
United States of America,USA,North America,North America,1995,EFProdPerCap,1.287272324,0.322064564,1.200964839,0.127720073,0.057010229,6.827280261,9.82231229,38677.7,266276000,,
United States of America,USA,North America,North America,1995,EFProdTotGHA,342769725.3,85758063.79,319788113.5,34008790.03,15180455.78,1817940879,2615446027,38677.7,266276000,,
United States of America,USA,North America,North America,1996,BiocapPerCap,1.415647743,0.316184037,1.84169495,0.365166357,0.064440774,0,4.003133862,39681.5,269483000,,
United States of America,USA,North America,North America,1996,BiocapTotGHA,381493000.8,85206222.93,496305480.2,98406125.48,17365693.14,0,1078776523,39681.5,269483000,,
United States of America,USA,North America,North America,1996,EFConsPerCap,0.871660913,0.365853951,1.238466673,0.125482088,0.064440774,7.401267625,10.06717202,39681.5,269483000,,
United States of America,USA,North America,North America,1996,EFConsTotGHA,234897797.7,98591420.27,333745714.4,33815289.63,17365693.14,1994515803,2712931719,39681.5,269483000,,
United States of America,USA,North America,North America,1996,EFExportsPerCap,0.706981615,0.040468617,0.235317545,0.031389574,0,0.628020746,1.642178097,39681.5,269483000,,
United States of America,USA,North America,North America,1996,EFExportsTotGHA,190519526.4,10905604.37,63414078.07,8458956.665,0,169240914.7,442539080.2,39681.5,269483000,,
United States of America,USA,North America,North America,1996,EFImportsPerCap,0.162994784,0.090138531,0.300231218,0.035232179,0,1.053090798,1.64168751,39681.5,269483000,,
United States of America,USA,North America,North America,1996,EFImportsTotGHA,43924323.32,24290801.71,80907209.33,9494473.212,0,283790067.6,442406875.1,39681.5,269483000,,
United States of America,USA,North America,North America,1996,EFProdPerCap,1.415647743,0.316184037,1.173553,0.121639484,0.064440774,6.976197573,10.06766261,39681.5,269483000,,
United States of America,USA,North America,North America,1996,EFProdTotGHA,381493000.8,85206222.93,316252583.2,32779773.08,17365693.14,1879966650,2713063924,39681.5,269483000,,
United States of America,USA,North America,North America,1997,BiocapPerCap,1.456859917,0.311702288,1.81780587,0.360513974,0.067595437,0,4.014477486,40965.8,272883000,,
United States of America,USA,North America,North America,1997,BiocapTotGHA,397552304.6,85058255.49,496048319.2,98378134.86,18445645.68,0,1095482660,40965.8,272883000,,
United States of America,USA,North America,North America,1997,EFConsPerCap,0.959333998,0.366883181,1.273056246,0.126613588,0.067595437,7.544816917,10.33829937,40965.8,272883000,,
United States of America,USA,North America,North America,1997,EFConsTotGHA,261785939.3,100116183.2,347395407.4,34550695.69,18445645.68,2058852275,2821146146,40965.8,272883000,,
United States of America,USA,North America,North America,1997,EFExportsPerCap,0.671804503,0.043078994,0.226648937,0.030608122,0,0.670728793,1.642869349,40965.8,272883000,,
United States of America,USA,North America,North America,1997,EFExportsTotGHA,183324028.2,11755525.2,61848641.97,8352436.129,0,183030485.1,448311116.6,40965.8,272883000,,
United States of America,USA,North America,North America,1997,EFImportsPerCap,0.174278584,0.098259888,0.325730411,0.037189826,0,1.126397627,1.761856336,40965.8,272883000,,
United States of America,USA,North America,North America,1997,EFImportsTotGHA,47557662.9,26813452.9,88886291.82,10148471.32,0,307374763.6,480780642.6,40965.8,272883000,,
United States of America,USA,North America,North America,1997,EFProdPerCap,1.456859917,0.311702288,1.173974772,0.120031884,0.067595437,7.089148083,10.21931238,40965.8,272883000,,
United States of America,USA,North America,North America,1997,EFProdTotGHA,397552304.6,85058255.49,320357757.6,32754660.5,18445645.68,1934507996,2788676620,40965.8,272883000,,
United States of America,USA,North America,North America,1998,BiocapPerCap,1.457593591,0.308342951,1.795143746,0.356045039,0.068798642,0,3.98592397,42292.9,276354000,,
United States of America,USA,North America,North America,1998,BiocapTotGHA,402811819.2,85211807.99,496095154.9,98394470.8,19012780.05,0,1101526033,42292.9,276354000,,
United States of America,USA,North America,North America,1998,EFConsPerCap,0.983963174,0.369791372,1.302626833,0.132464502,0.068798642,7.512401689,10.37004621,42292.9,276354000,,
United States of America,USA,North America,North America,1998,EFConsTotGHA,271922159.1,102193324.8,359986135.8,36607094.89,19012780.05,2076082256,2865803751,42292.9,276354000,,
United States of America,USA,North America,North America,1998,EFExportsPerCap,0.653375708,0.043336998,0.204452861,0.027790297,0,0.647603001,1.576558865,42292.9,276354000,,
United States of America,USA,North America,North America,1998,EFExportsTotGHA,180562990.3,11976352.84,56501365.96,7679959.684,0,178967679.7,435688348.5,42292.9,276354000,,
United States of America,USA,North America,North America,1998,EFImportsPerCap,0.179745291,0.104785419,0.331389091,0.042577059,0,1.199948805,1.858445665,42292.9,276354000,,
United States of America,USA,North America,North America,1998,EFImportsTotGHA,49673330.2,28957869.64,91580700.81,11766340.56,0,331610652.1,513588893.3,42292.9,276354000,,
United States of America,USA,North America,North America,1998,EFProdPerCap,1.457593591,0.308342951,1.175690603,0.117677739,0.068798642,6.960055885,10.08815941,42292.9,276354000,,
United States of America,USA,North America,North America,1998,EFProdTotGHA,402811819.2,85211807.99,324906801,32520714.01,19012780.05,1923439284,2787903206,42292.9,276354000,,
United States of America,USA,North America,North America,1999,BiocapPerCap,1.414073631,0.305135847,1.771927562,0.351862738,0.068009668,0,3.911009446,43768.9,279731000,,
United States of America,USA,North America,North America,1999,BiocapTotGHA,395560230.9,85355955.69,495663068.7,98426915.43,19024412.54,0,1094030583,43768.9,279731000,,
United States of America,USA,North America,North America,1999,EFConsPerCap,0.926472659,0.364093068,1.317495785,0.12809492,0.068009668,7.347519926,10.15168603,43768.9,279731000,,
United States of America,USA,North America,North America,1999,EFConsTotGHA,259163123.3,101848118.1,368544413.5,35832119.94,19024412.54,2055329096,2839741284,43768.9,279731000,,
United States of America,USA,North America,North America,1999,EFExportsPerCap,0.671575323,0.046748233,0.197524128,0.029649596,0,0.682749497,1.628246777,43768.9,279731000,,
United States of America,USA,North America,North America,1999,EFExportsTotGHA,187860436.8,13076929.96,55253621.74,8293911.18,0,190986199.6,455471099.3,43768.9,279731000,,
United States of America,USA,North America,North America,1999,EFImportsPerCap,0.183974351,0.105705454,0.355845837,0.041758169,0,1.205113218,1.892397029,43768.9,279731000,,
United States of America,USA,North America,North America,1999,EFImportsTotGHA,51463329.23,29569092.39,99541111.79,11681054.24,0,337107525.6,529362113.3,43768.9,279731000,,
United States of America,USA,North America,North America,1999,EFProdPerCap,1.414073631,0.305135847,1.159174076,0.115986347,0.068009668,6.825156205,9.887535775,43768.9,279731000,,
United States of America,USA,North America,North America,1999,EFProdTotGHA,395560230.9,85355955.69,324256923.4,32444976.88,19024412.54,1909207770,2765850270,43768.9,279731000,,
United States of America,USA,North America,North America,2000,BiocapPerCap,1.423715326,0.302683061,1.752247013,0.348335688,0.069248137,0,3.896229225,45055.8,282896000,,
United States of America,USA,North America,North America,2000,BiocapTotGHA,402763371,85627827.18,495703671,98542772.91,19590020.84,0,1102227663,45055.8,282896000,,
United States of America,USA,North America,North America,2000,EFConsPerCap,0.916024442,0.359784852,1.304548845,0.116139404,0.069248137,7.489580587,10.25532627,45055.8,282896000,,
United States of America,USA,North America,North America,2000,EFConsTotGHA,259139650.6,101781695.4,369051650.1,32855372.78,19590020.84,2118772390,2901190779,45055.8,282896000,,
United States of America,USA,North America,North America,2000,EFExportsPerCap,0.694966457,0.054838991,0.204223211,0.028717806,0,0.701163334,1.6839098,45055.8,282896000,,
United States of America,USA,North America,North America,2000,EFExportsTotGHA,196603230.9,15513731.09,57773929.62,8124152.552,0,198356302.6,476371346.8,45055.8,282896000,,
United States of America,USA,North America,North America,2000,EFImportsPerCap,0.187275573,0.111940781,0.369848541,0.040234776,0,1.181353002,1.890652675,45055.8,282896000,,
United States of America,USA,North America,North America,2000,EFImportsTotGHA,52979510.54,31667599.29,104628673,11382257.3,0,334200038.9,534858079,45055.8,282896000,,
United States of America,USA,North America,North America,2000,EFProdPerCap,1.423715326,0.302683061,1.138923515,0.104622434,0.069248137,7.009390919,10.04858339,45055.8,282896000,,
United States of America,USA,North America,North America,2000,EFProdTotGHA,402763371,85627827.18,322196906.7,29597268.03,19590020.84,1982928653,2842704047,45055.8,282896000,,
United States of America,USA,North America,North America,2001,BiocapPerCap,1.35049274,0.300687175,1.734258007,0.345343738,0.066348248,0,3.797129908,45047.5,285796000,,
United States of America,USA,North America,North America,2001,BiocapTotGHA,385965423,85935191.89,495644001.4,98697859.04,18962063.78,0,1085204539,45047.5,285796000,,
United States of America,USA,North America,North America,2001,EFConsPerCap,0.869686778,0.36587977,1.259339836,0.114329565,0.066348248,7.419218948,10.09480315,45047.5,285796000,,
United States of America,USA,North America,North America,2001,EFConsTotGHA,248553002.4,104566974.8,359914287.9,32674932.29,18962063.78,2120383098,2885054360,45047.5,285796000,,
United States of America,USA,North America,North America,2001,EFExportsPerCap,0.669199087,0.049651986,0.18934699,0.033350093,0,0.667526261,1.609074418,45047.5,285796000,,
United States of America,USA,North America,North America,2001,EFExportsTotGHA,191254422.3,14190339.06,54114612.48,9531323.229,0,190776335.3,459867032.4,45047.5,285796000,,
United States of America,USA,North America,North America,2001,EFImportsPerCap,0.188393126,0.114844581,0.366401261,0.043138834,0,1.185976926,1.898754728,45047.5,285796000,,
United States of America,USA,North America,North America,2001,EFImportsTotGHA,53842001.74,32822121.99,104716014.9,12328906.15,0,338947461.5,542656506.3,45047.5,285796000,,
United States of America,USA,North America,North America,2001,EFProdPerCap,1.35049274,0.300687175,1.082285566,0.104540824,0.066348248,6.900768283,9.805122835,45047.5,285796000,,
United States of America,USA,North America,North America,2001,EFProdTotGHA,385965423,85935191.89,309312885.5,29877349.37,18962063.78,1972211972,2802264886,45047.5,285796000,,
United States of America,USA,North America,North America,2002,BiocapPerCap,1.241852121,0.3032271,1.721995448,0.342142645,0.064221264,0,3.673438578,45428.6,288471000,,
United States of America,USA,North America,North America,2002,BiocapTotGHA,358238323.3,87472224.72,496745748.8,98698230.89,18525972.26,0,1059680500,45428.6,288471000,,
United States of America,USA,North America,North America,2002,EFConsPerCap,0.785458623,0.370503495,1.264778932,0.114157604,0.064221264,7.251326667,9.850446585,45428.6,288471000,,
United States of America,USA,North America,North America,2002,EFConsTotGHA,226582034.4,106879513.6,364852043.3,32931158.16,18525972.26,2091797455,2841568177,45428.6,288471000,,
United States of America,USA,North America,North America,2002,EFExportsPerCap,0.640428868,0.047464498,0.187407098,0.029991015,0,0.621039004,1.526330482,45428.6,288471000,,
United States of America,USA,North America,North America,2002,EFExportsTotGHA,184745156,13692131.07,54061512.9,8651537.949,0,179151742.5,440302080.3,45428.6,288471000,,
United States of America,USA,North America,North America,2002,EFImportsPerCap,0.184035369,0.114740892,0.377935561,0.046334193,0,1.14051653,1.863562546,45428.6,288471000,,
United States of America,USA,North America,North America,2002,EFImportsTotGHA,53088867.01,33099419.93,109023449.1,13366071.1,0,329005944,537583751.2,45428.6,288471000,,
United States of America,USA,North America,North America,2002,EFProdPerCap,1.241852121,0.3032271,1.074250469,0.097814425,0.064221264,6.731849141,9.51321452,45428.6,288471000,,
United States of America,USA,North America,North America,2002,EFProdTotGHA,358238323.3,87472224.72,309890107.1,28216625.02,18525972.26,1941943254,2744286506,45428.6,288471000,,
United States of America,USA,North America,North America,2003,BiocapPerCap,1.334017672,0.296544719,1.701727468,0.337596031,0.068158846,0,3.738044736,46304,291005000,,
United States of America,USA,North America,North America,2003,BiocapTotGHA,388205812.7,86295996.04,495211201.7,98242132.98,19834564.98,0,1087789708,46304,291005000,,
United States of America,USA,North America,North America,2003,EFConsPerCap,0.862443515,0.349052526,1.262806317,0.121089561,0.068158846,7.317698016,9.981248782,46304,291005000,,
United States of America,USA,North America,North America,2003,EFConsTotGHA,250975375.1,101576030.4,367482952.4,35237667.8,19834564.98,2129486711,2904593302,46304,291005000,,
United States of America,USA,North America,North America,2003,EFExportsPerCap,0.647092034,0.046620586,0.178426927,0.029346673,0,0.647638235,1.549124455,46304,291005000,,
United States of America,USA,North America,North America,2003,EFExportsTotGHA,188307017.3,13566823.71,51923127.95,8540028.577,0,188465964.5,450802962,46304,291005000,,
United States of America,USA,North America,North America,2003,EFImportsPerCap,0.175517877,0.099128393,0.37904753,0.052653474,0,1.117565376,1.823912649,46304,291005000,,
United States of America,USA,North America,North America,2003,EFImportsTotGHA,51076579.73,28846858.01,110304726.5,15322424.07,0,325217112.1,530767700.5,46304,291005000,,
United States of America,USA,North America,North America,2003,EFProdPerCap,1.334017672,0.296544719,1.062185714,0.097782761,0.068158846,6.847770876,9.706460588,46304,291005000,,
United States of America,USA,North America,North America,2003,EFProdTotGHA,388205812.7,86295996.04,309101353.8,28455272.31,19834564.98,1992735564,2824628563,46304,291005000,,
United States of America,USA,North America,North America,2004,BiocapPerCap,1.452638699,0.295363485,1.686453338,0.334100239,0.076893265,0,3.845449026,47614.3,293531000,,
United States of America,USA,North America,North America,2004,BiocapTotGHA,426394490,86698339.17,495026334.9,98068777.16,22570556.84,0,1128758498,47614.3,293531000,,
United States of America,USA,North America,North America,2004,EFConsPerCap,1.037052738,0.389292207,1.305490503,0.121371266,0.076893265,7.471920679,10.40202066,47614.3,293531000,,
United States of America,USA,North America,North America,2004,EFConsTotGHA,304407127.3,114269330.8,383201932.8,35626229,22570556.84,2193240349,3053315526,47614.3,293531000,,
United States of America,USA,North America,North America,2004,EFExportsPerCap,0.608201594,0.017383605,0.187256677,0.033696572,0,0.691496062,1.53803451,47614.3,293531000,,
United States of America,USA,North America,North America,2004,EFExportsTotGHA,178526022.2,5102626.818,54965639.77,9890988.459,0,202975530.6,451460807.8,47614.3,293531000,,
United States of America,USA,North America,North America,2004,EFImportsPerCap,0.192615634,0.111312326,0.409299649,0.052653798,0,1.198312445,1.964193853,47614.3,293531000,,
United States of America,USA,North America,North America,2004,EFImportsTotGHA,56538659.53,32673618.48,120142135.4,15455522.08,0,351741850.4,576551785.8,47614.3,293531000,,
United States of America,USA,North America,North America,2004,EFProdPerCap,1.452638699,0.295363485,1.083447531,0.102414039,0.076893265,6.965104296,9.975861316,47614.3,293531000,,
United States of America,USA,North America,North America,2004,EFProdTotGHA,426394490,86698339.17,318025437.2,30061695.38,22570556.84,2044474029,2928224548,47614.3,293531000,,
United States of America,USA,North America,North America,2005,BiocapPerCap,1.369124853,0.293572244,1.670671496,0.329578372,0.073960572,0,3.736907537,48755.6,296140000,,
United States of America,USA,North America,North America,2005,BiocapTotGHA,405452633.9,86938484.46,494752656.8,97601338.98,21902683.77,0,1106647798,48755.6,296140000,,
United States of America,USA,North America,North America,2005,EFConsPerCap,0.982473483,0.38403244,1.296597522,0.124069065,0.073960572,7.542377579,10.40351066,48755.6,296140000,,
United States of America,USA,North America,North America,2005,EFConsTotGHA,290949697.3,113727366.8,383974390.1,36741812.85,21902683.77,2233599696,3080895647,48755.6,296140000,,
United States of America,USA,North America,North America,2005,EFExportsPerCap,0.579137475,0.021169719,0.189508116,0.036792699,0,0.71094185,1.537549858,48755.6,296140000,,
United States of America,USA,North America,North America,2005,EFExportsTotGHA,171505771.7,6269200.625,56120933.36,10895789.77,0,210538319.4,455330014.8,48755.6,296140000,,
United States of America,USA,North America,North America,2005,EFImportsPerCap,0.192486105,0.111629915,0.400358206,0.053430101,0,1.292183423,2.05008775,48755.6,296140000,,
United States of America,USA,North America,North America,2005,EFImportsTotGHA,57002835.16,33058082.93,118562079.2,15822790.24,0,382667198.7,607112986.3,48755.6,296140000,,
United States of America,USA,North America,North America,2005,EFProdPerCap,1.369124853,0.293572244,1.085747431,0.107431662,0.073960572,6.961136006,9.890972768,48755.6,296140000,,
United States of America,USA,North America,North America,2005,EFProdTotGHA,405452633.9,86938484.46,321533244.3,31814812.38,21902683.77,2061470817,2929112676,48755.6,296140000,,
United States of America,USA,North America,North America,2006,BiocapPerCap,1.286152382,0.292154436,1.663015062,0.325930506,0.072171026,0,3.639423413,49575.4,298861000,,
United States of America,USA,North America,North America,2006,BiocapTotGHA,384380787.2,87313566.98,497010344.5,97407916.92,21569105.11,0,1087681721,49575.4,298861000,,
United States of America,USA,North America,North America,2006,EFConsPerCap,0.884725172,0.368312149,1.24547134,0.121624686,0.072171026,7.431730894,10.12403527,49575.4,298861000,,
United States of America,USA,North America,North America,2006,EFConsTotGHA,264409849.7,110074137.2,372222810.3,36348875.14,21569105.11,2221054527,3025679304,49575.4,298861000,,
United States of America,USA,North America,North America,2006,EFExportsPerCap,0.595674497,0.026518239,0.194371085,0.034082844,0,0.760778058,1.611424722,49575.4,298861000,,
United States of America,USA,North America,North America,2006,EFExportsTotGHA,178023875.7,7925267.426,58089936.88,10186032.72,0,227366891.1,481592003.9,49575.4,298861000,,
United States of America,USA,North America,North America,2006,EFImportsPerCap,0.194247286,0.102675952,0.387819764,0.057333715,0,1.354109267,2.096185983,49575.4,298861000,,
United States of America,USA,North America,North America,2006,EFImportsTotGHA,58052938.21,30685837.64,115904202.4,17134811.31,0,404690449.6,626468239.1,49575.4,298861000,,
United States of America,USA,North America,North America,2006,EFProdPerCap,1.286152382,0.292154436,1.052022662,0.098373814,0.072171026,6.838399685,9.639274007,49575.4,298861000,,
United States of America,USA,North America,North America,2006,EFProdTotGHA,384380787.2,87313566.98,314408544.8,29400096.55,21569105.11,2043730968,2880803069,49575.4,298861000,,
United States of America,USA,North America,North America,2007,BiocapPerCap,1.351430643,0.286933778,1.648697643,0.32253938,0.073665011,0,3.683266454,49979.5,301656000,,
United States of America,USA,North America,North America,2007,BiocapTotGHA,407667162.1,86555295.61,497339536.1,97295939.1,22221492.58,0,1111079426,49979.5,301656000,,
United States of America,USA,North America,North America,2007,EFConsPerCap,0.933392976,0.359379536,1.085893189,0.116784427,0.073665011,7.371133889,9.940249028,49979.5,301656000,,
United States of America,USA,North America,North America,2007,EFConsTotGHA,281563591.5,108408993.3,327566196,35228723.21,22221492.58,2223546764,2998535761,49979.5,301656000,,
United States of America,USA,North America,North America,2007,EFExportsPerCap,0.623147148,0.030064802,0.207196193,0.032617038,0,0.791982209,1.68500739,49979.5,301656000,,
United States of America,USA,North America,North America,2007,EFExportsTotGHA,187976076.1,9069227.981,62501974.72,9839125.358,0,238906185.1,508292589.3,49979.5,301656000,,
United States of America,USA,North America,North America,2007,EFImportsPerCap,0.20510948,0.10251056,0.330455292,0.054524119,0,1.282754963,1.975354415,49979.5,301656000,,
United States of America,USA,North America,North America,2007,EFImportsTotGHA,61872505.44,30922925.62,99683821.7,16447527.5,0,386950731,595877511.3,49979.5,301656000,,
United States of America,USA,North America,North America,2007,EFProdPerCap,1.351430643,0.286933778,0.96263409,0.094877347,0.073665011,6.880361135,9.649902004,49979.5,301656000,,
United States of America,USA,North America,North America,2007,EFProdTotGHA,407667162.1,86555295.61,290384349,28620321.07,22221492.58,2075502219,2910950839,49979.5,301656000,,
United States of America,USA,North America,North America,2008,BiocapPerCap,1.353617714,0.290371636,1.635131347,0.346242539,0.076739144,0,3.70210238,49364.6,304473000,,
United States of America,USA,North America,North America,2008,BiocapTotGHA,412140046.2,88410323.07,497853346.7,105421504.5,23364997.46,0,1127190218,49364.6,304473000,,
United States of America,USA,North America,North America,2008,EFConsPerCap,0.950717652,0.339872586,0.909026794,0.114905765,0.076739144,6.996764701,9.388026643,49364.6,304473000,,
United States of America,USA,North America,North America,2008,EFConsTotGHA,289467855.6,103482026,276774115,34985703.13,23364997.46,2130325939,2858400636,49364.6,304473000,,
United States of America,USA,North America,North America,2008,EFExportsPerCap,0.603780591,0.037795731,0.20410947,0.031495385,0,0.80669951,1.683880687,49364.6,304473000,,
United States of America,USA,North America,North America,2008,EFExportsTotGHA,183834887.9,11507779.67,62145822.67,9589494.35,0,245618219.8,512696204.4,49364.6,304473000,,
United States of America,USA,North America,North America,2008,EFImportsPerCap,0.200880529,0.087296682,0.263114721,0.053112323,0,1.171098732,1.775502987,49364.6,304473000,,
United States of America,USA,North America,North America,2008,EFImportsTotGHA,61162697.26,26579482.57,80111328.3,16171268.43,0,356567944.3,540592720.9,49364.6,304473000,,
United States of America,USA,North America,North America,2008,EFProdPerCap,1.353617714,0.290371636,0.850021543,0.093288827,0.076739144,6.632365478,9.296404343,49364.6,304473000,,
United States of America,USA,North America,North America,2008,EFProdTotGHA,412140046.2,88410323.07,258808609.4,28403929.05,23364997.46,2019376214,2830504119,49364.6,304473000,,
United States of America,USA,North America,North America,2009,BiocapPerCap,1.40907823,0.289133201,1.617616648,0.344699445,0.082536802,0,3.743064325,47575.6,307232000,,
United States of America,USA,North America,North America,2009,BiocapTotGHA,432913922.6,88830971.49,496983598.1,105902699.9,25357946.66,0,1149989139,47575.6,307232000,,
United States of America,USA,North America,North America,2009,EFConsPerCap,1.038771835,0.338486863,0.739756067,0.111215055,0.082536802,6.266174538,8.576941159,47575.6,307232000,,
United States of America,USA,North America,North America,2009,EFConsTotGHA,319143948.4,103993995.9,227276736,34168823.74,25357946.66,1925169336,2635110786,47575.6,307232000,,
United States of America,USA,North America,North America,2009,EFExportsPerCap,0.560727343,0.036255833,0.188883789,0.029539168,0,0.692049432,1.507455566,47575.6,307232000,,
United States of America,USA,North America,North America,2009,EFExportsTotGHA,172273383.1,11138952.1,58031144.32,9075377.613,0,212619731.2,463138588.3,47575.6,307232000,,
United States of America,USA,North America,North America,2009,EFImportsPerCap,0.190420949,0.085609496,0.198118284,0.05196169,0,0.909244121,1.435354539,47575.6,307232000,,
United States of America,USA,North America,North America,2009,EFImportsTotGHA,58503408.88,26301976.54,60868276.51,15964293.95,0,279348889.8,440986845.6,47575.6,307232000,,
United States of America,USA,North America,North America,2009,EFProdPerCap,1.40907823,0.289133201,0.730521573,0.088792533,0.082536802,6.048979849,8.649042186,47575.6,307232000,,
United States of America,USA,North America,North America,2009,EFProdTotGHA,432913922.6,88830971.49,224439603.8,27279907.41,25357946.66,1858440177,2657262529,47575.6,307232000,,
United States of America,USA,North America,North America,2010,BiocapPerCap,1.337704523,0.286128225,1.609809969,0.340782105,0.080042515,0,3.654467336,48373.9,309876000,,
United States of America,USA,North America,North America,2010,BiocapTotGHA,414522526.6,88664269.76,498841473.9,105600195.5,24803254.43,0,1132431720,48373.9,309876000,,
United States of America,USA,North America,North America,2010,EFConsPerCap,0.933601063,0.322752241,0.827195277,0.121659453,0.080042515,6.622468921,8.907719469,48373.9,309876000,,
United States of America,USA,North America,North America,2010,EFConsTotGHA,289300563.1,100013173.3,256327963.6,37699344.54,24803254.43,2052144179,2760288478,48373.9,309876000,,
United States of America,USA,North America,North America,2010,EFExportsPerCap,0.594268845,0.043512112,0.210225847,0.03370256,0,0.809412629,1.691121994,48373.9,309876000,,
United States of America,USA,North America,North America,2010,EFExportsTotGHA,184149652.8,13483359.13,65143944.47,10443614.63,0,250817548,524038119,48373.9,309876000,,
United States of America,USA,North America,North America,2010,EFImportsPerCap,0.190165386,0.080136128,0.210601275,0.055258169,0,1.08865091,1.624811868,48373.9,309876000,,
United States of America,USA,North America,North America,2010,EFImportsTotGHA,58927689.23,24832262.69,65260280.66,17123180.49,0,337346789.3,503490202.3,48373.9,309876000,,
United States of America,USA,North America,North America,2010,EFProdPerCap,1.337704523,0.286128225,0.826819848,0.100103844,0.080042515,6.343230641,8.974029595,48373.9,309876000,,
United States of America,USA,North America,North America,2010,EFProdTotGHA,414522526.6,88664269.76,256211627.4,31019778.68,24803254.43,1965614938,2780836395,48373.9,309876000,,
United States of America,USA,North America,North America,2011,BiocapPerCap,1.214662572,0.282275291,1.595721772,0.336187697,0.075287252,0,3.504134584,48783.5,312390000,,
United States of America,USA,North America,North America,2011,BiocapTotGHA,379448440.9,88179978.24,498487524.2,105021674.8,23518984.56,0,1094656603,48783.5,312390000,,
United States of America,USA,North America,North America,2011,EFConsPerCap,0.857374037,0.302659774,0.824835912,0.124580443,0.075287252,6.360107826,8.544845245,48783.5,312390000,,
United States of America,USA,North America,North America,2011,EFConsTotGHA,267835075.5,94547886.9,257670490.6,38917684.72,23518984.56,1986834084,2669324206,48783.5,312390000,,
United States of America,USA,North America,North America,2011,EFExportsPerCap,0.546290932,0.051746475,0.238793656,0.037688105,0,0.839775792,1.714294961,48783.5,312390000,,
United States of America,USA,North America,North America,2011,EFExportsTotGHA,170655824.4,16165081.39,74596750.35,11773387.22,0,262337559.6,535528602.9,48783.5,312390000,,
United States of America,USA,North America,North America,2011,EFImportsPerCap,0.189002398,0.072130958,0.202315327,0.052090446,0,1.09147191,1.607011039,48783.5,312390000,,
United States of America,USA,North America,North America,2011,EFImportsTotGHA,59042458.99,22532990.05,63201285.07,16272534.36,0,340964909.8,502014178.3,48783.5,312390000,,
United States of America,USA,North America,North America,2011,EFProdPerCap,1.214662572,0.282275291,0.861314241,0.110178103,0.075287252,6.108411708,8.652129168,48783.5,312390000,,
United States of America,USA,North America,North America,2011,EFProdTotGHA,379448440.9,88179978.24,269065955.8,34418537.58,23518984.56,1908206734,2702838631,48783.5,312390000,,
United States of America,USA,North America,North America,2012,BiocapPerCap,1.231663745,0.280990471,1.579567943,0.33341456,0.07525623,0,3.500892949,49497.6,314799000,,
United States of America,USA,North America,North America,2012,BiocapTotGHA,387726515.3,88455519.28,497246408.8,104958570,23690586.05,0,1102077599,49497.6,314799000,,
United States of America,USA,North America,North America,2012,EFConsPerCap,0.893099528,0.308688352,0.804963765,0.1229494,0.07525623,6.025550404,8.23050768,49497.6,314799000,,
United States of America,USA,North America,North America,2012,EFConsTotGHA,281146838.3,97174784.58,253401788.4,38704348.22,23690586.05,1896837242,2590955587,49497.6,314799000,,
United States of America,USA,North America,North America,2012,EFExportsPerCap,0.533569451,0.047427339,0.230562337,0.034649239,0,0.779706204,1.62591457,49497.6,314799000,,
United States of America,USA,North America,North America,2012,EFExportsTotGHA,167967129.6,14930078.97,72580793.16,10907545.91,0,245450733.2,511836280.8,49497.6,314799000,,
United States of America,USA,North America,North America,2012,EFImportsPerCap,0.195005234,0.07512522,0.200940302,0.05489397,0,1.046970566,1.572935292,49497.6,314799000,,
United States of America,USA,North America,North America,2012,EFImportsTotGHA,61387452.63,23649344.26,63255806.21,17280566.81,0,329585287.1,495158457,49497.6,314799000,,
United States of America,USA,North America,North America,2012,EFProdPerCap,1.231663745,0.280990471,0.8345858,0.10270467,0.07525623,5.758286042,8.283486958,49497.6,314799000,,
United States of America,USA,North America,North America,2012,EFProdTotGHA,387726515.3,88455519.28,262726775.3,32331327.31,23690586.05,1812702688,2607633411,49497.6,314799000,,
United States of America,USA,North America,North America,2013,BiocapPerCap,1.299582737,0.279587756,1.564862902,0.332160803,0.081472803,0,3.557667001,49976.6,317136000,,
United States of America,USA,North America,North America,2013,BiocapTotGHA,412144470.8,88667342.5,496274361.3,105340148.5,25837958.82,0,1128264282,49976.6,317136000,,
United States of America,USA,North America,North America,2013,EFConsPerCap,0.985560557,0.301802024,0.822070108,0.135718022,0.081472803,6.058246904,8.384870418,49976.6,317136000,,
United States of America,USA,North America,North America,2013,EFConsTotGHA,312556732.9,95712286.77,260708025.7,43041070.73,25837958.82,1921288190,2659144265,49976.6,317136000,,
United States of America,USA,North America,North America,2013,EFExportsPerCap,0.517301205,0.052247382,0.236858351,0.039335761,0,0.77409887,1.619841569,49976.6,317136000,,
United States of America,USA,North America,North America,2013,EFExportsTotGHA,164054834.9,16569525.84,75116310.06,12474785.75,0,245494619.3,513710075.8,49976.6,317136000,,
United States of America,USA,North America,North America,2013,EFImportsPerCap,0.203279025,0.074461651,0.213493238,0.056488518,0,1.071883113,1.619605545,49976.6,317136000,,
United States of America,USA,North America,North America,2013,EFImportsTotGHA,64467097.03,23614470.11,67706391.68,17914542.5,0,339932722.9,513635224.3,49976.6,317136000,,
United States of America,USA,North America,North America,2013,EFProdPerCap,1.299582737,0.279587756,0.84543522,0.118565265,0.081472803,5.760462661,8.385106442,49976.6,317136000,,
United States of America,USA,North America,North America,2013,EFProdTotGHA,412144470.8,88667342.5,268117944.1,37601313.98,25837958.82,1826850086,2659219116,49976.6,317136000,,
United States of America,USA,North America,North America,2014,BiocapPerCap,1.341757927,0.27857943,1.549343419,0.330624398,0.083459448,0,3.583764622,50782.5,319449000,,
United States of America,USA,North America,North America,2014,BiocapTotGHA,428623227.9,88991920.3,494936205.9,105617633.4,26661037.35,0,1144830025,50782.5,319449000,,
United States of America,USA,North America,North America,2014,EFConsPerCap,1.039327115,0.298852503,0.831752575,0.13521935,0.083459448,5.977440568,8.366051558,50782.5,319449000,,
United States of America,USA,North America,North America,2014,EFConsTotGHA,332012007.5,95468133.15,265702528.2,43195686.12,26661037.35,1909487412,2672526804,50782.5,319449000,,
United States of America,USA,North America,North America,2014,EFExportsPerCap,0.505336491,0.053844157,0.230267197,0.04164386,0,0.746411341,1.577503046,50782.5,319449000,,
United States of America,USA,North America,North America,2014,EFExportsTotGHA,161429236.7,17200462.02,73558625.72,13303089.58,0,238440356.6,503931770.6,50782.5,319449000,,
United States of America,USA,North America,North America,2014,EFImportsPerCap,0.202905679,0.07411723,0.221560424,0.059536367,0,1.04774259,1.60586229,50782.5,319449000,,
United States of America,USA,North America,North America,2014,EFImportsTotGHA,64818016.31,23676674.87,70777255.88,19018832.98,0,334700322.6,512991102.6,50782.5,319449000,,
United States of America,USA,North America,North America,2014,EFProdPerCap,1.341757927,0.27857943,0.840459347,0.117326843,0.083459448,5.676109319,8.337692315,50782.5,319449000,,
United States of America,USA,North America,North America,2014,EFProdTotGHA,428623227.9,88991920.3,268483898.1,37479942.73,26661037.35,1813227446,2663467472,50782.5,319449000,,
